Date,Portfolio_Total_Value,Portfolio_Day_Change_Pct,Portfolio_Overall_Return,Portfolio_PL_Percent,Cash,BuyHold_QQQ_Value,QQQ_Qty,QQQ_Value,TQQQ_Qty,TQQQ_Value
2020-04-01,10000.00,0.0000,0.0000,0.0000,10000.00,10000.00,0,0.00,0,0.00
2020-04-02,10000.00,0.0000,0.0000,0.0000,10000.00,9858.07,0,0.00,0,0.00
2020-04-05,10000.00,0.0000,0.0000,0.0000,10000.00,10562.87,0,0.00,0,0.00
2020-04-06,10000.00,0.0000,0.0000,0.0000,10000.00,10558.57,0,0.00,0,0.00
2020-04-07,10000.00,0.0000,0.0000,0.0000,10000.00,10782.75,0,0.00,0,0.00
2020-04-08,10000.00,0.0000,0.0000,0.0000,10000.00,10798.34,0,0.00,0,0.00
2020-04-12,10000.00,0.0000,0.0000,0.0000,10000.00,10915.00,0,0.00,0,0.00
2020-04-13,10000.00,0.0000,0.0000,0.0000,10000.00,11389.71,0,0.00,0,0.00
2020-04-14,10000.00,0.0000,0.0000,0.0000,10000.00,11259.07,0,0.00,0,0.00
2020-04-15,10000.00,0.0000,0.0000,0.0000,10000.00,11464.44,0,0.00,0,0.00
2020-04-16,10000.00,0.0000,0.0000,0.0000,10000.00,11574.11,0,0.00,0,0.00
2020-04-19,10000.00,0.0000,0.0000,0.0000,10000.00,11437.02,0,0.00,0,0.00
2020-04-20,10000.00,0.0000,0.0000,0.0000,10000.00,11015.00,0,0.00,0,0.00
2020-04-21,10000.00,0.0000,0.0000,0.0000,10000.00,11341.86,0,0.00,0,0.00
2020-04-22,10000.00,0.0000,0.0000,0.0000,10000.00,11317.67,0,0.00,0,0.00
2020-04-23,10000.00,0.0000,0.0000,0.0000,10000.00,11496.16,0,0.00,0,0.00
2020-04-26,10000.00,0.0000,0.0000,0.0000,10000.00,11588.62,0,0.00,0,0.00
2020-04-27,10000.00,0.0000,0.0000,0.0000,10000.00,11370.36,0,0.00,0,0.00
2020-04-28,10000.00,0.0000,0.0000,0.0000,10000.00,11773.56,0,0.00,0,0.00
2020-04-29,10000.00,0.0000,0.0000,0.0000,10000.00,11768.72,0,0.00,0,0.00
2020-04-30,10000.00,0.0000,0.0000,0.0000,10000.00,11437.02,0,0.00,0,0.00
2020-05-03,10000.00,0.0000,0.0000,0.0000,10000.00,11570.35,0,0.00,0,0.00
2020-05-04,10000.00,0.0000,0.0000,0.0000,10000.00,11701.52,0,0.00,0,0.00
2020-05-05,10000.00,0.0000,0.0000,0.0000,10000.00,11773.56,0,0.00,0,0.00
2020-05-06,10000.00,0.0000,0.0000,0.0000,10000.00,11925.17,0,0.00,0,0.00
2020-05-07,10000.00,0.0000,0.0000,0.0000,10000.00,12088.60,0,0.00,0,0.00
2020-05-10,10000.00,0.0000,0.0000,0.0000,10000.00,12196.66,0,0.00,0,0.00
2020-05-11,10000.00,0.0000,0.0000,0.0000,10000.00,11941.29,0,0.00,0,0.00
2020-05-12,10000.00,0.0000,0.0000,0.0000,10000.00,11791.84,0,0.00,0,0.00
2020-05-13,10000.00,0.0000,0.0000,0.0000,10000.00,11925.70,0,0.00,0,0.00
2020-05-14,10000.00,0.0000,0.0000,0.0000,10000.00,12003.12,0,0.00,0,0.00
2020-05-17,10000.00,0.0000,0.0000,0.0000,10000.00,12226.76,0,0.00,0,0.00
2020-05-18,10000.00,0.0000,0.0000,0.0000,10000.00,12196.12,0,0.00,0,0.00
2020-05-19,10000.00,0.0000,0.0000,0.0000,10000.00,12439.65,0,0.00,0,0.00
2020-05-20,10000.00,0.0000,0.0000,0.0000,10000.00,12304.18,0,0.00,0,0.00
2020-05-21,10000.00,0.0000,0.0000,0.0000,10000.00,12346.65,0,0.00,0,0.00
2020-05-25,10000.00,0.0000,0.0000,0.0000,10000.00,12313.32,0,0.00,0,0.00
2020-05-26,10000.00,0.0000,0.0000,0.0000,10000.00,12380.52,0,0.00,0,0.00
2020-05-27,10000.00,0.0000,0.0000,0.0000,10000.00,12364.39,0,0.00,0,0.00
2020-05-28,10000.00,0.0000,0.0000,0.0000,10000.00,12545.56,0,0.00,0,0.00
2020-05-31,10000.00,0.0000,0.0000,0.0000,10000.00,12583.19,0,0.00,0,0.00
2020-06-01,10000.00,0.0000,0.0000,0.0000,10000.00,12667.60,0,0.00,0,0.00
2020-06-02,9991.88,-0.0812,-0.0812,-0.0812,4458.34,12724.58,0,0.00,259,0.00
2020-06-03,10053.64,0.6182,0.5364,0.5364,5118.01,12635.34,21,0.00,0,0.00
2020-06-04,10137.36,0.8327,1.3736,1.3736,4091.09,12885.87,0,0.00,285,0.00
2020-06-07,10495.75,3.5353,4.9575,4.9575,4091.09,12985.86,0,0.00,285,6404.66
2020-06-08,10638.25,1.3577,6.3825,6.3825,4091.09,13079.94,0,0.00,285,6547.16
2020-06-09,10784.31,1.3730,7.8431,7.8431,4091.09,13236.92,0,0.00,285,6693.22
2020-06-10,11010.45,2.0969,10.1045,10.1045,5627.99,12581.04,23,0.00,0,0.00
2020-06-11,11053.23,0.3885,10.5323,10.5323,5627.99,12681.04,23,5425.24,0,0.00
2020-06-14,11119.24,0.5972,11.1924,11.1924,5627.99,12835.33,23,5491.25,0,0.00
2020-06-15,11213.54,0.8481,12.1354,12.1354,5627.99,13055.75,23,5585.55,0,0.00
2020-06-16,11231.25,0.1579,12.3125,12.3125,5627.99,13097.15,23,5603.26,0,0.00
2020-06-17,11246.43,0.1352,12.4643,12.4643,5627.99,13132.63,23,5618.44,0,0.00
2020-06-18,11245.51,-0.0082,12.4551,12.4551,5627.99,13130.48,23,5617.52,0,0.00
2020-06-21,11303.01,0.5113,13.0301,13.0301,5627.99,13264.88,23,5675.02,0,0.00
2020-06-22,11336.51,0.2963,13.3651,13.3651,5063.24,13377.78,0,0.00,258,0.00
2020-06-23,11485.48,1.3141,14.8548,14.8548,5880.15,13101.98,23,0.00,0,0.00
2020-06-24,11538.84,0.4646,15.3884,15.3884,5880.15,13226.71,23,5658.69,0,0.00
2020-06-25,11405.21,-1.1581,14.0521,14.0521,5880.15,12914.36,23,5525.06,0,0.00
2020-06-28,11465.47,0.5284,14.6547,14.6547,5880.15,13055.21,23,5585.32,0,0.00
2020-06-29,11574.95,0.9549,15.7495,15.7495,5880.15,13311.11,23,5694.80,0,0.00
2020-06-30,11641.42,0.5743,16.4142,16.4142,5880.15,13466.48,23,5761.27,0,0.00
2020-07-01,11680.52,0.3359,16.8052,16.8052,5880.15,13557.87,23,5800.37,0,0.00
2020-07-05,11808.78,1.0981,18.0878,18.0878,5921.25,13891.19,0,0.00,228,0.00
2020-07-06,12241.41,3.6636,22.4141,22.4141,5921.25,13795.49,0,0.00,228,6320.16
2020-07-07,12117.15,-1.0151,21.1715,21.1715,5921.25,13977.21,0,0.00,228,6195.90
2020-07-08,12355.41,1.9663,23.5541,23.5541,5921.25,14094.94,0,0.00,228,6434.16
2020-07-09,12516.15,1.3010,25.1615,25.1615,5921.25,14191.17,0,0.00,228,6594.90
2020-07-12,12655.80,1.1158,26.5580,26.5580,5921.25,13899.25,0,0.00,228,6734.55
2020-07-13,12239.70,-3.2878,22.3970,22.3970,5921.25,13997.63,0,0.00,228,6318.45
2020-07-14,12373.65,1.0944,23.7365,23.7365,5921.25,14026.13,0,0.00,228,6452.40
2020-07-15,12405.57,0.2580,24.0557,24.0557,5921.25,13930.43,0,0.00,228,6484.32
2020-07-16,12251.67,-1.2406,22.5167,22.5167,6285.01,13946.56,23,0.00,0,0.00
2020-07-19,12406.84,1.2665,24.0684,24.0684,6703.00,14342.24,0,0.00,204,0.00
2020-07-20,12892.36,3.9133,28.9236,28.9236,6703.00,14192.79,0,0.00,204,6189.36
2020-07-21,12680.13,-1.6462,26.8013,26.8013,6586.74,14242.78,23,0.00,0,0.00
2020-07-22,12520.97,-1.2552,25.2097,25.2097,6586.74,13870.76,23,5934.23,0,0.00
2020-07-23,12464.62,-0.4500,24.6462,24.6462,6586.74,13739.05,23,5877.88,0,0.00
2020-07-26,12569.50,0.8414,25.6950,25.6950,6586.74,13984.19,23,5982.76,0,0.00
2020-07-27,12493.37,-0.6057,24.9337,24.9337,6586.74,13806.25,23,5906.63,0,0.00
2020-07-28,12561.45,0.5449,25.6145,25.6145,6586.74,13965.38,23,5974.71,0,0.00
2020-07-29,12592.73,0.2490,25.9273,25.9273,6586.74,14038.49,23,6005.99,0,0.00
2020-07-30,12699.91,0.8511,26.9991,26.9991,6586.74,14289.02,23,6113.17,0,0.00
2020-08-02,12782.48,0.6502,27.8248,27.8248,6586.74,14482.02,23,6195.74,0,0.00
2020-08-03,12790.10,0.0596,27.9010,27.9010,6041.36,14535.78,0,0.00,218,0.00
2020-08-04,12877.84,0.6860,28.7784,28.7784,6041.36,14571.80,0,0.00,218,6836.48
2020-08-05,12932.34,0.4232,29.3234,29.3234,6041.36,14764.80,0,0.00,218,6890.98
2020-08-06,13196.12,2.0397,31.9612,31.9612,6041.36,14594.38,0,0.00,218,7154.76
2020-08-09,12962.32,-1.7718,29.6232,29.6232,6041.36,14532.01,0,0.00,218,6920.96
2020-08-10,12853.51,-0.8394,28.5351,28.5351,6488.95,14256.76,24,0.00,0,0.00
2020-08-11,13013.59,1.2454,30.1359,30.1359,6488.95,14615.34,24,6524.64,0,0.00
2020-08-12,13028.47,0.1143,30.2847,30.2847,6488.95,14648.67,24,6539.52,0,0.00
2020-08-13,13020.79,-0.0589,30.2079,30.2079,6488.95,14631.47,24,6531.84,0,0.00
2020-08-16,13078.81,0.4456,30.7881,30.7881,4725.60,14801.35,0,0.00,262,0.00
2020-08-17,13354.57,2.1084,33.5457,33.5457,4725.60,14943.82,0,0.00,262,8628.97
2020-08-18,13608.05,1.8981,36.0805,36.0805,4725.60,14843.29,0,0.00,262,8882.46
2020-08-19,13434.48,-1.2755,34.3448,34.3448,4725.60,15049.19,0,0.00,262,8708.88
2020-08-20,13792.76,2.6669,37.9276,37.9276,4725.60,15153.49,0,0.00,262,9067.16
2020-08-23,13982.06,1.3724,39.8206,39.8206,4725.60,15248.10,0,0.00,262,9256.46
2020-08-24,14153.67,1.2274,41.5367,41.5367,4725.60,15367.99,0,0.00,262,9428.07
2020-08-25,14373.75,1.5549,43.7375,43.7375,4725.60,15695.93,0,0.00,262,9648.15
2020-08-26,14991.41,4.2972,49.9141,49.9141,4725.60,15647.01,0,0.00,262,10265.82
2020-08-27,14898.40,-0.6204,48.9840,48.9840,4725.60,15726.57,0,0.00,262,10172.80
2020-08-30,15055.60,1.0551,50.5560,50.5560,4725.60,15852.91,0,0.00,262,10330.00
2020-08-31,15294.68,1.5879,52.9468,52.9468,4725.60,16123.86,0,0.00,262,10569.08
2020-09-01,15843.57,3.5888,58.4357,58.4357,4725.60,16276.54,0,0.00,262,11117.97
2020-09-02,16157.31,1.9803,61.5731,61.5731,4725.60,15451.32,0,0.00,262,11431.72
2020-09-03,14382.28,-10.9860,43.8228,43.8228,7292.78,15245.42,25,0.00,0,0.00
2020-09-07,14041.53,-2.3692,40.4153,40.4153,7292.78,14512.66,25,6748.75,0,0.00
2020-09-08,14239.78,1.4119,42.3978,42.3978,7292.78,14938.98,25,6947.00,0,0.00
2020-09-09,14101.28,-0.9726,41.0128,41.0128,7292.78,14641.15,25,6808.50,0,0.00
2020-09-10,14054.03,-0.3351,40.5403,40.5403,7292.78,14539.54,25,6761.25,0,0.00
2020-09-13,14171.78,0.8378,41.7178,41.7178,7292.78,14792.75,25,6879.00,0,0.00
2020-09-14,14269.28,0.6880,42.6928,42.6928,7292.78,15002.42,25,6976.50,0,0.00
2020-09-15,14158.03,-0.7796,41.5803,41.5803,7292.78,14763.18,25,6865.25,0,0.00
2020-09-16,14050.78,-0.7575,40.5078,40.5078,7292.78,14532.55,25,6758.00,0,0.00
2020-09-17,13964.53,-0.6138,39.6453,39.6453,7292.78,14347.08,25,6671.75,0,0.00
2020-09-20,13980.53,0.1146,39.8053,39.8053,7292.78,14381.48,25,6687.75,0,0.00
2020-09-21,14104.78,0.8887,41.0478,41.0478,7292.78,14648.67,25,6812.00,0,0.00
2020-09-22,13889.92,-1.5233,38.8992,38.8992,13889.92,14201.39,0,0.00,0,0.00
2020-09-23,13889.92,0.0000,38.8992,38.8992,13889.92,14267.51,0,0.00,0,0.00
2020-09-24,13882.88,-0.0507,38.8288,38.8288,7093.88,14599.22,25,0.00,0,0.00
2020-09-27,14023.88,1.0156,40.2388,40.2388,7093.88,14902.42,25,6930.00,0,0.00
2020-09-28,13992.63,-0.2228,39.9263,39.9263,7093.88,14835.22,25,6898.75,0,0.00
2020-09-29,14024.90,0.2306,40.2490,40.2490,8088.25,14936.83,0,0.00,185,0.00
2020-09-30,14142.37,0.8376,41.4237,41.4237,8088.25,15173.92,0,0.00,185,6054.12
2020-10-01,14425.89,2.0047,44.2589,44.2589,8088.25,14747.06,0,0.00,185,6337.64
2020-10-04,13903.26,-3.6228,39.0326,39.0326,8088.25,15061.56,0,0.00,185,5815.01
2020-10-05,14270.02,2.6380,42.7002,42.7002,8088.25,14792.75,0,0.00,185,6181.78
2020-10-06,13937.95,-2.3271,39.3795,39.3795,8088.25,15048.65,0,0.00,185,5849.70
2020-10-07,14245.51,2.2067,42.4551,42.4551,8088.25,15128.76,0,0.00,185,6157.26
2020-10-08,14336.16,0.6363,43.3616,43.3616,8088.25,15359.93,0,0.00,185,6247.91
2020-10-11,14614.12,1.9389,46.1412,46.1412,8088.25,15834.09,0,0.00,185,6525.88
2020-10-12,15222.77,4.1648,52.2277,52.2277,8088.25,15833.56,0,0.00,185,7134.52
2020-10-13,15223.70,0.0061,52.2370,52.2370,8088.25,15701.31,0,0.00,185,7135.45
2020-10-14,15047.49,-1.1575,50.4749,50.4749,8088.25,15595.94,0,0.00,185,6959.24
2020-10-15,14903.65,-0.9559,49.0365,49.0365,8088.25,15510.46,0,0.00,185,6815.40
2020-10-18,14799.12,-0.7013,47.9912,47.9912,8088.25,15257.24,0,0.00,185,6710.88
2020-10-19,14465.66,-2.2533,44.6566,44.6566,8088.25,15290.04,0,0.00,185,6377.41
2020-10-20,14506.82,0.2846,45.0682,45.0682,8088.25,15278.21,0,0.00,185,6418.58
2020-10-21,14474.57,-0.2224,44.7457,44.7457,7370.07,15277.67,25,0.00,0,0.00
2020-10-22,14488.57,0.0967,44.8857,44.8857,7370.07,15307.78,25,7118.50,0,0.00
2020-10-25,14381.82,-0.7368,43.8182,43.8182,7370.07,15078.22,25,7011.75,0,0.00
2020-10-26,14436.57,0.3807,44.3657,44.3657,7370.07,15195.96,25,7066.50,0,0.00
2020-10-27,14154.03,-1.9571,41.5403,41.5403,14154.03,14603.52,0,0.00,0,0.00
2020-10-28,14146.87,-0.0506,41.4687,41.4687,7237.12,14858.88,25,0.00,0,0.00
2020-10-29,13964.63,-1.2882,39.6463,39.6463,13964.63,14482.02,0,0.00,0,0.00
2020-11-01,13964.63,0.0000,39.6463,39.6463,13964.63,14514.27,0,0.00,0,0.00
2020-11-02,13964.63,0.0000,39.6463,39.6463,13964.63,14765.34,0,0.00,0,0.00
2020-11-03,13957.51,-0.0510,39.5751,39.5751,7071.67,15424.44,24,0.00,0,0.00
2020-11-04,14122.43,1.1816,41.2243,41.2243,8449.19,15826.57,0,0.00,162,0.00
2020-11-05,14560.23,3.1001,45.6023,45.6023,8449.19,15838.40,0,0.00,162,6111.04
2020-11-08,14580.89,0.1419,45.8089,45.8089,8449.19,15514.76,0,0.00,162,6131.70
2020-11-09,14206.67,-2.5665,42.0667,42.0667,8449.19,15236.82,0,0.00,162,5757.48
2020-11-10,13896.03,-2.1865,38.9603,38.9603,8449.19,15577.66,0,0.00,162,5446.84
2020-11-11,14262.15,2.6347,42.6215,42.6215,8449.19,15504.54,0,0.00,162,5812.96
2020-11-12,14177.10,-0.5963,41.7710,41.7710,8449.19,15640.56,0,0.00,162,5727.92
2020-11-15,14327.36,1.0598,43.2736,43.2736,8449.19,15762.59,0,0.00,162,5878.17
2020-11-16,14462.63,0.9441,44.6263,44.6263,8449.19,15712.60,0,0.00,162,6013.44
2020-11-17,14407.14,-0.3836,44.0714,44.0714,8449.19,15596.47,0,0.00,162,5957.96
2020-11-18,14269.04,-0.9586,42.6904,42.6904,8449.19,15718.51,0,0.00,162,5819.85
2020-11-19,14413.22,1.0104,44.1322,44.1322,8449.19,15610.99,0,0.00,162,5964.03
2020-11-22,14292.12,-0.8402,42.9212,42.9212,8449.19,15611.53,0,0.00,162,5842.94
2020-11-23,14293.34,0.0085,42.9334,42.9334,8449.19,15830.87,0,0.00,162,5844.15
2020-11-24,14532.29,1.6718,45.3229,45.3229,8449.19,15928.18,0,0.00,162,6083.10
2020-11-26,14646.90,0.7887,46.4690,46.4690,8449.19,16074.94,0,0.00,162,6197.72
2020-11-29,14816.19,1.1558,48.1619,48.1619,8449.19,16107.74,0,0.00,162,6367.00
2020-11-30,14849.00,0.2214,48.4900,48.4900,8449.19,16314.18,0,0.00,162,6399.81
2020-12-01,15100.50,1.6938,51.0050,51.0050,8449.19,16335.14,0,0.00,162,6651.32
2020-12-02,15127.23,0.1770,51.2723,51.2723,8449.19,16358.26,0,0.00,162,6678.04
2020-12-03,15154.37,0.1794,51.5437,51.5437,8449.19,16424.92,0,0.00,162,6705.18
2020-12-06,15236.58,0.5425,52.3658,52.3658,8449.19,16517.93,0,0.00,162,6787.40
2020-12-07,15351.60,0.7549,53.5160,53.5160,8449.19,16573.84,0,0.00,162,6902.42
2020-12-08,15414.78,0.4116,54.1478,54.1478,8449.19,16198.59,0,0.00,162,6965.60
2020-12-09,14948.22,-3.0267,49.4822,49.4822,8449.19,16263.64,0,0.00,162,6499.04
2020-12-10,15012.33,0.4288,50.1233,50.1233,7767.93,16227.62,24,0.00,0,0.00
2020-12-13,15064.89,0.3501,50.6489,50.6489,7767.93,16345.36,24,7296.96,0,0.00
2020-12-14,15142.89,0.5178,51.4289,51.4289,7767.93,16520.08,24,7374.96,0,0.00
2020-12-15,15161.99,0.1262,51.6199,51.6199,3993.70,16610.93,0,0.00,263,0.00
2020-12-16,15349.38,1.2359,53.4938,53.4938,3993.70,16719.53,0,0.00,263,11355.68
2020-12-17,15582.13,1.5164,55.8213,55.8213,3993.70,16669.00,0,0.00,263,11588.44
2020-12-20,15455.89,-0.8102,54.5589,54.5589,3993.70,16607.71,0,0.00,263,11462.20
2020-12-21,15391.43,-0.4171,53.9143,53.9143,7957.19,16652.87,24,0.00,0,0.00
2020-12-22,15353.99,-0.2433,53.5399,53.5399,7957.19,16569.00,24,7396.80,0,0.00
2020-12-23,15386.63,0.2126,53.8663,53.8663,7957.19,16642.12,24,7429.44,0,0.00
2020-12-27,15461.51,0.4867,54.6151,54.6151,7957.19,16809.85,24,7504.32,0,0.00
2020-12-28,15468.23,0.0435,54.6823,54.6823,7957.19,16824.90,24,7511.04,0,0.00
2020-12-29,15468.47,0.0016,54.6847,54.6847,7957.19,16825.44,24,7511.28,0,0.00
2020-12-30,15486.95,0.1195,54.8695,54.8695,7957.19,16866.84,24,7529.76,0,0.00
2021-01-03,15380.63,-0.6865,53.8063,53.8063,7957.19,16628.68,24,7423.44,0,0.00
2021-01-04,15441.83,0.3979,54.4183,54.4183,7957.19,16765.77,24,7484.64,0,0.00
2021-01-05,15338.15,-0.6714,53.3815,53.3815,7957.19,16533.52,24,7380.96,0,0.00
2021-01-06,15516.71,1.1642,55.1671,55.1671,7957.19,16933.50,24,7559.52,0,0.00
2021-01-07,15613.91,0.6264,56.1391,56.1391,7957.19,17151.23,24,7656.72,0,0.00
2021-01-10,15503.27,-0.7086,55.0327,55.0327,7957.19,16903.39,24,7546.08,0,0.00
2021-01-11,15491.27,-0.0774,54.9127,54.9127,7957.19,16876.51,24,7534.08,0,0.00
2021-01-12,15542.15,0.3284,55.4215,55.4215,7957.19,16990.48,24,7584.96,0,0.00
2021-01-13,15501.59,-0.2610,55.0159,55.0159,7957.19,16899.63,24,7544.40,0,0.00
2021-01-14,15441.83,-0.3855,54.4183,54.4183,7957.19,16765.77,24,7484.64,0,0.00
2021-01-18,15551.03,0.7072,55.5103,55.5103,7957.19,17010.38,24,7593.84,0,0.00
2021-01-19,15705.88,0.9957,57.0588,57.0588,4370.95,17406.05,0,0.00,245,0.00
2021-01-20,16496.00,5.0308,64.9600,64.9600,4370.95,17545.29,0,0.00,245,12125.05
2021-01-21,16797.35,1.8268,67.9735,67.9735,4370.95,17494.76,0,0.00,245,12426.40
2021-01-24,16684.65,-0.6709,66.8465,66.8465,4370.95,17639.37,0,0.00,245,12313.70
2021-01-25,17026.43,2.0484,70.2643,70.2643,4370.95,17665.18,0,0.00,245,12655.48
2021-01-26,17039.90,0.0791,70.3990,70.3990,4370.95,17172.73,0,0.00,245,12668.95
2021-01-27,16018.25,-5.9956,60.1825,60.1825,4370.95,17274.34,0,0.00,245,11647.30
2021-01-28,16167.37,0.9309,61.6737,61.6737,8303.37,16910.92,25,0.00,0,0.00
2021-01-31,16363.87,1.2154,63.6387,63.6387,8303.37,17333.48,25,8060.50,0,0.00
2021-02-01,16495.37,0.8036,64.9537,64.9537,8303.37,17616.26,25,8192.00,0,0.00
2021-02-02,16462.87,-0.1970,64.6287,64.6287,8303.37,17546.37,25,8159.50,0,0.00
2021-02-03,16539.64,0.4663,65.3964,65.3964,7179.19,17753.88,0,0.00,186,0.00
2021-02-04,16870.72,2.0017,68.7072,68.7072,7179.19,17814.10,0,0.00,186,9691.53
2021-02-07,16972.09,0.6009,69.7209,69.7209,7179.19,17933.44,0,0.00,186,9792.90
2021-02-08,17163.67,1.1288,71.6367,71.6367,7179.19,17929.68,0,0.00,186,9984.48
2021-02-09,17159.02,-0.0271,71.5902,71.5902,7179.19,17888.82,0,0.00,186,9979.83
2021-02-10,17088.34,-0.4119,70.8834,70.8834,7179.19,17987.20,0,0.00,186,9909.15
2021-02-11,17248.30,0.9361,72.4830,72.4830,7179.19,18087.74,0,0.00,186,10069.11
2021-02-15,17419.42,0.9921,74.1942,74.1942,7179.19,18038.82,0,0.00,186,10240.23
2021-02-16,17333.86,-0.4912,73.3386,73.3386,7179.19,17952.26,0,0.00,186,10154.67
2021-02-17,17172.07,-0.9334,71.7207,71.7207,8860.32,17873.77,25,0.00,0,0.00
2021-02-18,17135.82,-0.2111,71.3582,71.3582,8860.32,17795.82,25,8275.50,0,0.00
2021-02-21,16921.32,-1.2518,69.2132,69.2132,8860.32,17334.55,25,8061.00,0,0.00
2021-02-22,16897.32,-0.1418,68.9732,68.9732,8860.32,17282.94,25,8037.00,0,0.00
2021-02-23,16963.57,0.3921,69.6357,69.6357,8860.32,17425.41,25,8103.25,0,0.00
2021-02-24,16673.00,-1.7129,66.7300,66.7300,16673.00,16817.91,0,0.00,0,0.00
2021-02-25,16664.57,-0.0505,66.6457,66.6457,8496.93,16888.34,26,0.00,0,0.00
2021-02-28,16910.27,1.4744,69.1027,69.1027,8496.93,17396.38,26,8413.34,0,0.00
2021-03-01,16775.33,-0.7980,67.7533,67.7533,8496.93,17117.36,26,8278.40,0,0.00
2021-03-02,16526.79,-1.4816,65.2679,65.2679,16526.79,16620.61,0,0.00,0,0.00
2021-03-03,16526.79,0.0000,65.2679,65.2679,16526.79,16348.58,0,0.00,0,0.00
2021-03-04,16526.79,0.0000,65.2679,65.2679,16526.79,16594.81,0,0.00,0,0.00
2021-03-07,16526.79,0.0000,65.2679,65.2679,16526.79,16124.94,0,0.00,0,0.00
2021-03-08,16526.79,0.0000,65.2679,65.2679,16526.79,16760.93,0,0.00,0,0.00
2021-03-09,16526.79,0.0000,65.2679,65.2679,16526.79,16713.08,0,0.00,0,0.00
2021-03-10,16518.59,-0.0496,65.1859,65.1859,8567.59,17098.01,25,0.00,0,0.00
2021-03-11,16454.09,-0.3905,64.5409,64.5409,8567.59,16959.30,25,7886.50,0,0.00
2021-03-14,16522.96,0.4185,65.2296,65.2296,10680.64,17140.48,0,0.00,132,0.00
2021-03-15,16709.74,1.1304,67.0974,67.0974,10680.64,17234.56,0,0.00,132,6029.10
2021-03-16,16808.74,0.5925,68.0874,68.0874,10680.64,17305.52,0,0.00,132,6128.10
2021-03-17,16878.43,0.4146,68.7843,68.7843,16878.43,16775.44,0,0.00,0,0.00
2021-03-18,16878.43,0.0000,68.7843,68.7843,16878.43,16834.58,0,0.00,0,0.00
2021-03-21,16870.02,-0.0498,68.7002,68.7002,10038.10,17128.65,0,0.00,158,0.00
2021-03-22,17234.21,2.1588,72.3421,72.3421,10038.10,17053.92,0,0.00,158,7196.11
2021-03-23,17131.52,-0.5959,71.3152,71.3152,17131.52,16766.30,0,0.00,0,0.00
2021-03-24,17131.52,0.0000,71.3152,71.3152,17131.52,16737.27,0,0.00,0,0.00
2021-03-25,17122.92,-0.0502,71.2292,71.2292,10161.12,16988.33,0,0.00,164,0.00
2021-03-28,17430.42,1.7958,74.3042,74.3042,10161.12,16983.50,0,0.00,164,7269.30
2021-03-29,17417.41,-0.0746,74.1741,74.1741,17417.41,16898.02,0,0.00,0,0.00
2021-03-30,17406.30,-0.0638,74.0630,74.0630,8366.61,17156.60,0,0.00,207,0.00
2021-03-31,17812.02,2.3309,78.1202,78.1202,8366.61,17449.06,0,0.00,207,9445.41
2021-04-04,18292.26,2.6962,82.9226,82.9226,8366.61,17797.43,0,0.00,207,9925.65
2021-04-05,18888.42,3.2591,88.8842,88.8842,8366.61,17785.07,0,0.00,207,10521.81
2021-04-06,18863.58,-0.1315,88.6358,88.6358,8366.61,17828.07,0,0.00,207,10496.97
2021-04-07,18941.21,0.4115,89.4121,89.4121,8366.61,18014.09,0,0.00,207,10574.60
2021-04-08,19271.37,1.7431,92.7137,92.7137,8366.61,18123.22,0,0.00,207,10904.76
2021-04-11,19469.06,1.0258,94.6906,94.6906,8366.61,18099.56,0,0.00,207,11102.44
2021-04-12,19425.59,-0.2233,94.2559,94.2559,8366.61,18310.84,0,0.00,207,11058.98
2021-04-13,19804.40,1.9501,98.0440,98.0440,8366.61,18090.96,0,0.00,207,11437.78
2021-04-14,19402.82,-2.0277,94.0282,94.0282,8366.61,18365.14,0,0.00,207,11036.20
2021-04-15,19890.30,2.5124,98.9030,98.9030,8366.61,18386.65,0,0.00,207,11523.69
2021-04-18,19938.95,0.2446,99.3895,99.3895,8366.61,18218.38,0,0.00,207,11572.34
2021-04-19,19623.27,-1.5832,96.2327,96.2327,8366.61,18085.59,0,0.00,207,11256.66
2021-04-20,19376.94,-1.2553,93.7694,93.7694,8366.61,18240.42,0,0.00,207,11010.33
2021-04-21,19655.36,1.4368,96.5536,96.5536,8366.61,18020.54,0,0.00,207,11288.74
2021-04-22,19244.46,-2.0905,92.4446,92.4446,8366.61,18247.41,0,0.00,207,10877.85
2021-04-25,19654.32,2.1298,96.5432,96.5432,8366.61,18366.22,0,0.00,207,11287.71
2021-04-26,19854.15,1.0167,98.5415,98.5415,9989.80,18286.65,29,0.00,0,0.00
2021-04-27,19820.80,-0.1680,98.2080,98.2080,9989.80,18224.83,29,9831.00,0,0.00
2021-04-28,19856.18,0.1785,98.5618,98.5618,9989.80,18290.41,29,9866.38,0,0.00
2021-04-29,19791.51,-0.3257,97.9151,97.9151,9989.80,18170.53,29,9801.71,0,0.00
2021-05-02,19739.31,-0.2637,97.3931,97.3931,9989.80,18073.76,29,9749.51,0,0.00
2021-05-03,19563.86,-0.8888,95.6386,95.6386,9989.80,17748.51,29,9574.06,0,0.00
2021-05-04,19531.67,-0.1645,95.3167,95.3167,9989.80,17688.83,29,9541.87,0,0.00
2021-05-05,19603.59,0.3682,96.0359,96.0359,9989.80,17822.16,29,9613.79,0,0.00
2021-05-06,19681.60,0.3979,96.8160,96.8160,9989.80,17966.78,29,9691.80,0,0.00
2021-05-09,19427.10,-1.2931,94.2710,94.2710,19427.10,17513.04,0,0.00,0,0.00
2021-05-10,19427.10,0.0000,94.2710,94.2710,19427.10,17488.84,0,0.00,0,0.00
2021-05-11,19427.10,0.0000,94.2710,94.2710,19427.10,17036.18,0,0.00,0,0.00
2021-05-12,19427.10,0.0000,94.2710,94.2710,19427.10,17167.89,0,0.00,0,0.00
2021-05-13,19427.10,0.0000,94.2710,94.2710,19427.10,17546.91,0,0.00,0,0.00
2021-05-16,19427.10,0.0000,94.2710,94.2710,19427.10,17440.46,0,0.00,0,0.00
2021-05-17,19427.10,0.0000,94.2710,94.2710,19427.10,17322.72,0,0.00,0,0.00
2021-05-18,19427.10,0.0000,94.2710,94.2710,19427.10,17342.62,0,0.00,0,0.00
2021-05-19,19417.27,-0.0506,94.1727,94.1727,9881.20,17678.08,29,0.00,0,0.00
2021-05-20,19354.72,-0.3222,93.5472,93.5472,19354.72,17580.24,0,0.00,0,0.00
2021-05-23,19341.91,-0.0662,93.4191,93.4191,8732.41,17875.92,0,0.00,220,0.00
2021-05-24,19873.21,2.7469,98.7321,98.7321,8732.41,17900.65,0,0.00,220,11140.80
2021-05-25,19927.11,0.2712,99.2711,99.2711,8732.41,17963.01,0,0.00,220,11194.70
2021-05-26,20040.41,0.5686,100.4041,100.4041,8732.41,17895.81,0,0.00,220,11308.00
2021-05-27,19908.41,-0.6587,99.0841,99.0841,8732.41,17952.26,0,0.00,220,11176.00
2021-05-31,20017.31,0.5470,100.1731,100.1731,8732.41,17892.59,0,0.00,220,11284.90
2021-06-01,19907.31,-0.5495,99.0731,99.0731,8732.41,17927.53,0,0.00,220,11174.90
2021-06-02,19965.61,0.2929,99.6561,99.6561,8732.41,17740.98,0,0.00,220,11233.20
2021-06-03,19612.51,-1.7685,96.1251,96.1251,8732.41,18042.04,0,0.00,220,10880.10
2021-06-06,20170.21,2.8436,101.7021,101.7021,8732.41,18095.80,0,0.00,220,11437.80
2021-06-07,20271.41,0.5017,102.7141,102.7141,8732.41,18104.40,0,0.00,220,11539.00
2021-06-08,20284.61,0.0651,102.8461,102.8461,8732.41,18108.70,0,0.00,220,11552.20
2021-06-09,20297.81,0.0651,102.9781,102.9781,8732.41,18297.40,0,0.00,220,11565.40
2021-06-10,20652.01,1.7450,106.5201,106.5201,8732.41,18345.25,0,0.00,220,11919.60
2021-06-13,20746.61,0.4581,107.4661,107.4661,8732.41,18521.05,0,0.00,220,12014.20
2021-06-14,21083.21,1.6224,110.8321,110.8321,8732.41,18400.09,0,0.00,220,12350.80
2021-06-15,20854.41,-1.0852,108.5441,108.5441,8732.41,18332.89,0,0.00,220,12122.00
2021-06-16,20724.61,-0.6224,107.2461,107.2461,8732.41,18565.67,0,0.00,220,11992.20
2021-06-17,21172.31,2.1602,111.7231,111.7231,8732.41,18419.98,0,0.00,220,12439.90
2021-06-20,20875.31,-1.4028,108.7531,108.7531,8732.41,18512.98,0,0.00,220,12142.90
2021-06-21,21097.51,1.0644,110.9751,110.9751,8732.41,18685.55,0,0.00,220,12365.10
2021-06-22,21442.91,1.6372,114.4291,114.4291,8732.41,18694.69,0,0.00,220,12710.50
2021-06-23,21464.91,0.1026,114.6491,114.6491,8732.41,18810.28,0,0.00,220,12732.50
2021-06-24,21699.21,1.0915,116.9921,116.9921,8732.41,18787.16,0,0.00,220,12966.80
2021-06-27,21658.51,-0.1876,116.5851,116.5851,8732.41,19015.64,0,0.00,220,12926.10
2021-06-28,22116.11,2.1128,121.1611,121.1611,8732.41,19084.46,0,0.00,220,13383.70
2021-06-29,22266.81,0.6814,122.6681,122.6681,8732.41,19054.35,0,0.00,220,13534.40
2021-06-30,22207.41,-0.2668,122.0741,122.0741,8732.41,19061.88,0,0.00,220,13475.00
2021-07-01,22214.01,0.0297,122.1401,122.1401,8732.41,19280.68,0,0.00,220,13481.60
2021-07-05,22671.61,2.0600,126.7161,126.7161,8732.41,19364.01,0,0.00,220,13939.20
2021-07-06,22858.61,0.8248,128.5861,128.5861,8732.41,19404.87,0,0.00,220,14126.20
2021-07-07,22948.81,0.3946,129.4881,129.4881,8732.41,19287.67,0,0.00,220,14216.40
2021-07-08,22702.41,-1.0737,127.0241,127.0241,8732.41,19408.10,0,0.00,220,13970.00
2021-07-11,22938.91,1.0417,129.3891,129.3891,8732.41,19483.90,0,0.00,220,14206.50
2021-07-12,23117.11,0.7768,131.1711,131.1711,8732.41,19483.90,0,0.00,220,14384.70
2021-07-13,23109.41,-0.0333,131.0941,131.0941,8732.41,19518.84,0,0.00,220,14377.00
2021-07-14,23187.51,0.3380,131.8751,131.8751,8732.41,19381.75,0,0.00,220,14455.10
2021-07-15,22860.56,-1.4100,128.6056,128.6056,11774.96,19224.77,31,0.00,0,0.00
2021-07-18,22769.73,-0.3973,127.6973,127.6973,11774.96,19067.25,31,10994.77,0,0.00
2021-07-19,22897.45,0.5609,128.9745,128.9745,11774.96,19288.75,31,11122.49,0,0.00
2021-07-20,22983.32,0.3750,129.8332,129.8332,11774.96,19437.66,31,11208.36,0,0.00
2021-07-21,23057.41,0.3224,130.5741,130.5741,11774.96,19566.15,31,11282.45,0,0.00
2021-07-22,23189.16,0.5714,131.8916,131.8916,11774.96,19794.63,31,11414.20,0,0.00
2021-07-25,23161.37,-0.1199,131.6137,131.6137,1311.77,19810.23,0,0.00,320,0.00
2021-07-26,23215.82,0.2351,132.1582,132.1582,11918.49,19591.96,31,0.00,0,0.00
2021-07-27,23259.22,0.1869,132.5922,132.5922,11918.49,19667.22,31,11340.73,0,0.00
2021-07-28,23279.37,0.0866,132.7937,132.7937,11918.49,19702.17,31,11360.88,0,0.00
2021-07-29,23220.16,-0.2543,132.2016,132.2016,11918.49,19599.48,31,11301.67,0,0.00
2021-08-01,23221.09,0.0040,132.2109,132.2109,11918.49,19601.10,31,11302.60,0,0.00
2021-08-02,23289.60,0.2950,132.8960,132.8960,11918.49,19719.91,31,11371.11,0,0.00
2021-08-03,23306.03,0.0705,133.0603,133.0603,11918.49,19748.40,31,11387.54,0,0.00
2021-08-04,23378.26,0.3099,133.7826,133.7826,11918.49,19873.66,31,11459.77,0,0.00
2021-08-05,23328.04,-0.2148,133.2804,133.2804,11918.49,19786.57,31,11409.55,0,0.00
2021-08-08,23349.12,0.0904,133.4912,133.4912,11918.49,19823.13,31,11430.63,0,0.00
2021-08-09,23290.53,-0.2509,132.9053,132.9053,11918.49,19721.52,31,11372.04,0,0.00
2021-08-10,23271.00,-0.0839,132.7100,132.7100,11918.49,19687.65,31,11352.51,0,0.00
2021-08-11,23311.92,0.1758,133.1192,133.1192,11918.49,19758.62,31,11393.43,0,0.00
2021-08-12,23351.91,0.1715,133.5191,133.5191,11918.49,19827.97,31,11433.42,0,0.00
2021-08-15,23356.87,0.0212,133.5687,133.5687,11918.49,19836.57,31,11438.38,0,0.00
2021-08-16,23256.12,-0.4314,132.5612,132.5612,11918.49,19661.85,31,11337.63,0,0.00
2021-08-17,23147.00,-0.4692,131.4700,131.4700,11918.49,19472.61,31,11228.51,0,0.00
2021-08-18,23201.25,0.2344,132.0125,132.0125,11918.49,19566.69,31,11282.76,0,0.00
2021-08-19,23318.12,0.5037,133.1812,133.1812,11918.49,19769.37,31,11399.63,0,0.00
2021-08-22,23488.62,0.7312,134.8862,134.8862,11918.49,20065.05,31,11570.13,0,0.00
2021-08-23,23489.38,0.0033,134.8938,134.8938,3630.38,20126.34,0,0.00,280,0.00
2021-08-24,23685.38,0.8344,136.8538,136.8538,3630.38,20149.45,0,0.00,280,20055.00
2021-08-25,23707.78,0.0946,137.0778,137.0778,3630.38,20021.50,0,0.00,280,20077.40
2021-08-26,23367.58,-1.4350,133.6758,133.6758,3630.38,20216.12,0,0.00,280,19737.20
2021-08-29,23944.38,2.4684,139.4438,139.4438,3630.38,20442.99,0,0.00,280,20314.00
2021-08-30,24617.78,2.8124,146.1778,146.1778,3630.38,20426.32,0,0.00,280,20987.40
2021-08-31,24558.98,-0.2389,145.5898,145.5898,3630.38,20460.19,0,0.00,280,20928.60
2021-09-01,24673.78,0.4674,146.7378,146.7378,3630.38,20450.51,0,0.00,280,21043.40
2021-09-02,24644.38,-0.1192,146.4438,146.4438,3630.38,20513.41,0,0.00,280,21014.00
2021-09-06,24833.38,0.7669,148.3338,148.3338,3630.38,20542.44,0,0.00,280,21203.00
2021-09-07,24920.18,0.3495,149.2018,149.2018,3630.38,20470.94,0,0.00,280,21289.80
2021-09-08,24701.78,-0.8764,147.0178,147.0178,3630.38,20400.52,0,0.00,280,21071.40
2021-09-09,24440.37,-1.0583,144.4037,144.4037,12389.49,20245.69,32,0.00,0,0.00
2021-09-12,24432.05,-0.0340,144.3205,144.3205,12389.49,20231.71,32,12042.56,0,0.00
2021-09-13,24397.81,-0.1401,143.9781,143.9781,12389.49,20174.18,32,12008.32,0,0.00
2021-09-14,24487.09,0.3659,144.8709,144.8709,12389.49,20324.18,32,12097.60,0,0.00
2021-09-15,24495.41,0.0340,144.9541,144.9541,12389.49,20338.15,32,12105.92,0,0.00
2021-09-16,24352.05,-0.5853,143.5205,143.5205,12389.49,20097.31,32,11962.56,0,0.00
2021-09-19,24091.89,-1.0683,140.9189,140.9189,12389.49,19660.23,32,11702.40,0,0.00
2021-09-20,24106.29,0.0598,141.0629,141.0629,12389.49,19684.43,32,11716.80,0,0.00
2021-09-21,24215.73,0.4540,142.1573,142.1573,12389.49,19868.29,32,11826.24,0,0.00
2021-09-22,24324.85,0.4506,143.2485,143.2485,12389.49,20051.61,32,11935.36,0,0.00
2021-09-23,24336.05,0.0460,143.3605,143.3605,12389.49,20070.43,32,11946.56,0,0.00
2021-09-26,24240.69,-0.3918,142.4069,142.4069,12389.49,19910.22,32,11851.20,0,0.00
2021-09-27,23893.49,-1.4323,138.9349,138.9349,23893.49,19346.81,0,0.00,0,0.00
2021-09-28,23893.49,0.0000,138.9349,138.9349,23893.49,19315.09,0,0.00,0,0.00
2021-09-29,23893.49,0.0000,138.9349,138.9349,23893.49,19244.13,0,0.00,0,0.00
2021-09-30,23893.49,0.0000,138.9349,138.9349,23893.49,19363.48,0,0.00,0,0.00
2021-10-03,23893.49,0.0000,138.9349,138.9349,23893.49,18957.05,0,0.00,0,0.00
2021-10-04,23893.49,0.0000,138.9349,138.9349,23893.49,19212.95,0,0.00,0,0.00
2021-10-05,23893.49,0.0000,138.9349,138.9349,23893.49,19336.06,0,0.00,0,0.00
2021-10-06,23893.49,0.0000,138.9349,138.9349,23893.49,19513.47,0,0.00,0,0.00
2021-10-07,23893.49,0.0000,138.9349,138.9349,23893.49,19416.16,0,0.00,0,0.00
2021-10-10,23893.49,0.0000,138.9349,138.9349,23893.49,19267.24,0,0.00,0,0.00
2021-10-11,23893.49,0.0000,138.9349,138.9349,23893.49,19200.04,0,0.00,0,0.00
2021-10-12,23893.49,0.0000,138.9349,138.9349,23893.49,19353.80,0,0.00,0,0.00
2021-10-13,23874.33,-0.0802,138.7433,138.7433,7332.96,19710.23,0,0.00,262,0.00
2021-10-14,24787.40,3.8245,147.8740,147.8740,7332.96,19834.42,0,0.00,262,17454.44
2021-10-17,25110.97,1.3054,151.1097,151.1097,7332.96,20033.87,0,0.00,262,17778.01
2021-10-18,25644.14,2.1233,156.4414,156.4414,7332.96,20185.47,0,0.00,262,18311.18
2021-10-19,26046.31,1.5683,160.4631,160.4631,7332.96,20159.13,0,0.00,262,18713.35
2021-10-20,25987.36,-0.2263,159.8736,159.8736,7332.96,20282.24,0,0.00,262,18654.40
2021-10-21,26321.41,1.2854,163.2141,163.2141,7332.96,20111.82,0,0.00,262,18988.45
2021-10-24,25840.64,-1.8265,158.4064,158.4064,7332.96,20317.72,0,0.00,262,18507.68
2021-10-25,26396.08,2.1495,163.9608,163.9608,7332.96,20381.70,0,0.00,262,19063.12
2021-10-26,26574.24,0.6749,165.7424,165.7424,7332.96,20429.01,0,0.00,262,19241.28
2021-10-27,26726.20,0.5718,167.2620,167.2620,7332.96,20655.88,0,0.00,262,19393.24
2021-10-28,27362.86,2.3822,173.6286,173.6286,7332.96,20757.49,0,0.00,262,20029.90
2021-10-31,27658.92,1.0820,176.5892,176.5892,7332.96,20828.45,0,0.00,262,20325.96
2021-11-01,27859.35,0.7246,178.5935,178.5935,7332.96,20915.54,0,0.00,262,20526.39
2021-11-02,28133.14,0.9828,181.3314,181.3314,7332.96,21137.57,0,0.00,262,20800.18
2021-11-03,28793.38,2.3468,187.9338,187.9338,7332.96,21408.53,0,0.00,262,21460.42
2021-11-04,29593.79,2.7798,195.9379,195.9379,7332.96,21428.96,0,0.00,262,22260.83
2021-11-07,29676.32,0.2789,196.7632,196.7632,7332.96,21399.92,0,0.00,262,22343.36
2021-11-08,29584.62,-0.3090,195.8462,195.8462,7332.96,21252.62,0,0.00,262,22251.66
2021-11-09,29126.12,-1.5498,191.2612,191.2612,7332.96,20940.27,0,0.00,262,21793.16
2021-11-10,28171.13,-3.2788,181.7113,181.7113,7332.96,20998.33,0,0.00,262,20838.17
2021-11-11,28340.12,0.5999,183.4012,183.4012,7332.96,21219.29,0,0.00,262,21007.16
2021-11-14,29006.91,2.3528,190.0691,190.0691,7332.96,21214.45,0,0.00,262,21673.95
2021-11-15,29000.36,-0.0226,190.0036,190.0036,7332.96,21365.52,0,0.00,262,21667.40
2021-11-16,29448.38,1.5449,194.4838,194.4838,7332.96,21376.81,0,0.00,262,22115.42
2021-11-17,29474.58,0.0890,194.7458,194.7458,7332.96,21598.30,0,0.00,262,22141.62
2021-11-18,30151.85,2.2978,201.5185,201.5185,7332.96,21718.72,0,0.00,262,22818.89
2021-11-21,30538.30,1.2817,205.3830,205.3830,7332.96,21466.59,0,0.00,262,23205.34
2021-11-22,29693.86,-2.7652,196.9386,196.9386,14987.10,21368.74,37,0.00,0,0.00
2021-11-23,29741.22,0.1595,197.4122,197.4122,14987.10,21437.56,37,14754.12,0,0.00
2021-11-25,29461.50,-0.9405,194.6150,194.6150,14987.10,21031.13,37,14474.40,0,0.00
2021-11-28,29775.63,1.0662,197.7563,197.7563,14987.10,21487.55,37,14788.53,0,0.00
2021-11-29,29558.44,-0.7294,195.5844,195.5844,14987.10,21171.98,37,14571.34,0,0.00
2021-11-30,29310.54,-0.8387,193.1054,193.1054,14987.10,20811.78,37,14323.44,0,0.00
2021-12-01,29413.77,0.3522,194.1377,194.1377,14987.10,20961.78,37,14426.67,0,0.00
2021-12-02,29162.91,-0.8529,191.6291,191.6291,14987.10,20597.28,37,14175.81,0,0.00
2021-12-05,29276.50,0.3895,192.7650,192.7650,14987.10,20762.32,37,14289.40,0,0.00
2021-12-06,29706.81,1.4698,197.0681,197.0681,14987.10,21387.56,37,14719.71,0,0.00
2021-12-07,29772.67,0.2217,197.7267,197.7267,14987.10,21483.25,37,14785.57,0,0.00
2021-12-08,29555.11,-0.7307,195.5511,195.5511,14987.10,21167.14,37,14568.01,0,0.00
2021-12-09,29713.47,0.5358,197.1347,197.1347,14987.10,21397.24,37,14726.37,0,0.00
2021-12-12,29500.72,-0.7160,195.0072,195.0072,14987.10,21088.11,37,14513.62,0,0.00
2021-12-13,29350.50,-0.5092,193.5050,193.5050,14987.10,20869.85,37,14363.40,0,0.00
2021-12-14,29677.95,1.1157,196.7795,196.7795,14987.10,21345.63,37,14690.85,0,0.00
2021-12-15,29300.18,-1.2729,193.0018,193.0018,14987.10,20796.73,37,14313.08,0,0.00
2021-12-16,29228.77,-0.2437,192.2877,192.2877,14987.10,20692.97,37,14241.67,0,0.00
2021-12-19,29058.18,-0.5837,190.5818,190.5818,29058.18,20466.10,0,0.00,0,0.00
2021-12-20,29043.40,-0.0508,190.4340,190.4340,14642.63,20924.14,37,0.00,0,0.00
2021-12-21,29218.78,0.6039,192.1878,192.1878,14642.63,21178.97,37,14576.15,0,0.00
2021-12-22,29328.67,0.3761,193.2867,193.2867,14642.63,21338.64,37,14686.04,0,0.00
2021-12-26,29540.14,0.7210,195.4014,195.4014,15308.86,21691.31,0,0.00,172,0.00
2021-12-27,30220.40,2.3028,202.2040,202.2040,15308.86,21590.77,0,0.00,172,14911.54
2021-12-28,30044.96,-0.5805,200.4496,200.4496,15308.86,21587.55,0,0.00,172,14736.10
2021-12-29,30021.74,-0.0773,200.2174,200.2174,15308.86,21523.04,0,0.00,172,14712.88
2021-12-30,29884.14,-0.4583,198.8414,198.8414,15308.86,21388.64,0,0.00,172,14575.28
2022-01-02,29613.24,-0.9065,196.1324,196.1324,15308.86,21594.54,0,0.00,172,14304.38
2022-01-03,30026.04,1.3940,200.2604,200.2604,15308.86,21314.45,0,0.00,172,14717.18
2022-01-04,29438.28,-1.9575,194.3828,194.3828,29438.28,20659.64,0,0.00,0,0.00
2022-01-05,29438.28,0.0000,194.3828,194.3828,29438.28,20645.13,0,0.00,0,0.00
2022-01-06,29438.28,0.0000,194.3828,194.3828,29438.28,20421.48,0,0.00,0,0.00
2022-01-09,29438.28,0.0000,194.3828,194.3828,29438.28,20434.92,0,0.00,0,0.00
2022-01-10,29438.28,0.0000,194.3828,194.3828,29438.28,20741.90,0,0.00,0,0.00
2022-01-11,29438.28,0.0000,194.3828,194.3828,29438.28,20824.15,0,0.00,0,0.00
2022-01-12,29438.28,0.0000,194.3828,194.3828,29438.28,20303.21,0,0.00,0,0.00
2022-01-13,29438.28,0.0000,194.3828,194.3828,29438.28,20429.55,0,0.00,0,0.00
2022-01-17,29438.28,0.0000,194.3828,194.3828,29438.28,19920.97,0,0.00,0,0.00
2022-01-18,29438.28,0.0000,194.3828,194.3828,29438.28,19702.17,0,0.00,0,0.00
2022-01-19,29438.28,0.0000,194.3828,194.3828,29438.28,19446.27,0,0.00,0,0.00
2022-01-20,29438.28,0.0000,194.3828,194.3828,29438.28,18907.05,0,0.00,0,0.00
2022-01-23,29438.28,0.0000,194.3828,194.3828,29438.28,18993.60,0,0.00,0,0.00
2022-01-24,29438.28,0.0000,194.3828,194.3828,29438.28,18553.30,0,0.00,0,0.00
2022-01-25,29438.28,0.0000,194.3828,194.3828,29438.28,18524.27,0,0.00,0,0.00
2022-01-26,29438.28,0.0000,194.3828,194.3828,29438.28,18337.72,0,0.00,0,0.00
2022-01-27,29438.28,0.0000,194.3828,194.3828,29438.28,18912.96,0,0.00,0,0.00
2022-01-30,29438.28,0.0000,194.3828,194.3828,29438.28,19517.77,0,0.00,0,0.00
2022-01-31,29438.28,0.0000,194.3828,194.3828,29438.28,19650.56,0,0.00,0,0.00
2022-02-01,29438.28,0.0000,194.3828,194.3828,29438.28,19810.23,0,0.00,0,0.00
2022-02-02,29438.28,0.0000,194.3828,194.3828,29438.28,19007.04,0,0.00,0,0.00
2022-02-03,29438.28,0.0000,194.3828,194.3828,29438.28,19246.81,0,0.00,0,0.00
2022-02-06,29438.28,0.0000,194.3828,194.3828,29438.28,19091.98,0,0.00,0,0.00
2022-02-07,29438.28,0.0000,194.3828,194.3828,29438.28,19306.49,0,0.00,0,0.00
2022-02-08,29438.28,0.0000,194.3828,194.3828,29438.28,19715.61,0,0.00,0,0.00
2022-02-09,29438.28,0.0000,194.3828,194.3828,29438.28,19269.39,0,0.00,0,0.00
2022-02-10,29438.28,0.0000,194.3828,194.3828,29438.28,18658.14,0,0.00,0,0.00
2022-02-13,29438.28,0.0000,194.3828,194.3828,29438.28,18681.25,0,0.00,0,0.00
2022-02-14,29438.28,0.0000,194.3828,194.3828,29438.28,19145.74,0,0.00,0,0.00
2022-02-15,29438.28,0.0000,194.3828,194.3828,29438.28,19140.91,0,0.00,0,0.00
2022-02-16,29438.28,0.0000,194.3828,194.3828,29438.28,18571.58,0,0.00,0,0.00
2022-02-17,29438.28,0.0000,194.3828,194.3828,29438.28,18359.77,0,0.00,0,0.00
2022-02-21,29438.28,0.0000,194.3828,194.3828,29438.28,18175.37,0,0.00,0,0.00
2022-02-22,29438.28,0.0000,194.3828,194.3828,29438.28,17709.80,0,0.00,0,0.00
2022-02-23,29438.28,0.0000,194.3828,194.3828,29438.28,18304.93,0,0.00,0,0.00
2022-02-24,29438.28,0.0000,194.3828,194.3828,29438.28,18588.79,0,0.00,0,0.00
2022-02-27,29438.28,0.0000,194.3828,194.3828,29438.28,18644.16,0,0.00,0,0.00
2022-02-28,29438.28,0.0000,194.3828,194.3828,29438.28,18358.69,0,0.00,0,0.00
2022-03-01,29438.28,0.0000,194.3828,194.3828,29438.28,18666.74,0,0.00,0,0.00
2022-03-02,29438.28,0.0000,194.3828,194.3828,29438.28,18400.09,0,0.00,0,0.00
2022-03-03,29438.28,0.0000,194.3828,194.3828,29438.28,18133.43,0,0.00,0,0.00
2022-03-06,29438.28,0.0000,194.3828,194.3828,29438.28,17464.65,0,0.00,0,0.00
2022-03-07,29438.28,0.0000,194.3828,194.3828,29438.28,17383.47,0,0.00,0,0.00
2022-03-08,29438.28,0.0000,194.3828,194.3828,29438.28,18009.25,0,0.00,0,0.00
2022-03-09,29438.28,0.0000,194.3828,194.3828,29438.28,17809.26,0,0.00,0,0.00
2022-03-10,29438.28,0.0000,194.3828,194.3828,29438.28,17439.92,0,0.00,0,0.00
2022-03-13,29438.28,0.0000,194.3828,194.3828,29438.28,17104.99,0,0.00,0,0.00
2022-03-14,29438.28,0.0000,194.3828,194.3828,29438.28,17641.52,0,0.00,0,0.00
2022-03-15,29438.28,0.0000,194.3828,194.3828,29438.28,18295.79,0,0.00,0,0.00
2022-03-16,29438.28,0.0000,194.3828,194.3828,29438.28,18517.28,0,0.00,0,0.00
2022-03-17,29438.28,0.0000,194.3828,194.3828,29438.28,18896.30,0,0.00,0,0.00
2022-03-20,29438.28,0.0000,194.3828,194.3828,29438.28,18820.49,0,0.00,0,0.00
2022-03-21,29438.28,0.0000,194.3828,194.3828,29438.28,19190.37,0,0.00,0,0.00
2022-03-22,29438.28,0.0000,194.3828,194.3828,29438.28,18914.57,0,0.00,0,0.00
2022-03-23,29423.79,-0.0492,194.2379,194.2379,17214.39,19334.98,0,0.00,228,0.00
2022-03-24,30214.95,2.6888,202.1495,202.1495,17214.39,19318.85,0,0.00,228,13000.56
2022-03-27,30194.43,-0.0679,201.9443,201.9443,17214.39,19617.76,0,0.00,228,12980.04
2022-03-28,30784.95,1.9557,207.8495,207.8495,17214.39,19955.38,0,0.00,228,13570.56
2022-03-29,31480.35,2.2589,214.8035,214.8035,17214.39,19734.96,0,0.00,228,14265.96
2022-03-30,31051.71,-1.3616,210.5171,210.5171,17214.39,19490.35,0,0.00,228,13837.32
2022-03-31,30479.43,-1.8430,204.7943,204.7943,17214.39,19453.26,0,0.00,228,13265.04
2022-04-03,30422.43,-0.1870,204.2243,204.2243,17214.39,19853.77,0,0.00,228,13208.04
2022-04-04,31247.79,2.7130,212.4779,212.4779,17214.39,19412.93,0,0.00,228,14033.40
2022-04-05,30304.44,-3.0189,203.0444,203.0444,30304.44,18991.45,0,0.00,0,0.00
2022-04-06,30304.44,0.0000,203.0444,203.0444,30304.44,19036.61,0,0.00,0,0.00
2022-04-07,30304.44,0.0000,203.0444,203.0444,30304.44,18770.50,0,0.00,0,0.00
2022-04-10,30304.44,0.0000,203.0444,203.0444,30304.44,18326.43,0,0.00,0,0.00
2022-04-11,30304.44,0.0000,203.0444,203.0444,30304.44,18249.02,0,0.00,0,0.00
2022-04-12,30304.44,0.0000,203.0444,203.0444,30304.44,18619.97,0,0.00,0,0.00
2022-04-13,30304.44,0.0000,203.0444,203.0444,30304.44,18194.18,0,0.00,0,0.00
2022-04-17,30304.44,0.0000,203.0444,203.0444,30304.44,18208.16,0,0.00,0,0.00
2022-04-18,30304.44,0.0000,203.0444,203.0444,30304.44,18615.13,0,0.00,0,0.00
2022-04-19,30304.44,0.0000,203.0444,203.0444,30304.44,18343.64,0,0.00,0,0.00
2022-04-20,30304.44,0.0000,203.0444,203.0444,30304.44,17964.09,0,0.00,0,0.00
2022-04-21,30304.44,0.0000,203.0444,203.0444,30304.44,17493.68,0,0.00,0,0.00
2022-04-24,30304.44,0.0000,203.0444,203.0444,30304.44,17718.40,0,0.00,0,0.00
2022-04-25,30304.44,0.0000,203.0444,203.0444,30304.44,17049.62,0,0.00,0,0.00
2022-04-26,30304.44,0.0000,203.0444,203.0444,30304.44,17029.19,0,0.00,0,0.00
2022-04-27,30304.44,0.0000,203.0444,203.0444,30304.44,17634.00,0,0.00,0,0.00
2022-04-28,30304.44,0.0000,203.0444,203.0444,30304.44,16840.49,0,0.00,0,0.00
2022-05-01,30304.44,0.0000,203.0444,203.0444,30304.44,17121.66,0,0.00,0,0.00
2022-05-02,30304.44,0.0000,203.0444,203.0444,30304.44,17139.94,0,0.00,0,0.00
2022-05-03,30304.44,0.0000,203.0444,203.0444,30304.44,17719.48,0,0.00,0,0.00
2022-05-04,30304.44,0.0000,203.0444,203.0444,30304.44,16827.05,0,0.00,0,0.00
2022-05-05,30304.44,0.0000,203.0444,203.0444,30304.44,16625.45,0,0.00,0,0.00
2022-05-08,30304.44,0.0000,203.0444,203.0444,30304.44,15974.95,0,0.00,0,0.00
2022-05-09,30304.44,0.0000,203.0444,203.0444,30304.44,16169.02,0,0.00,0,0.00
2022-05-10,30304.44,0.0000,203.0444,203.0444,30304.44,15689.48,0,0.00,0,0.00
2022-05-11,30304.44,0.0000,203.0444,203.0444,30304.44,15652.38,0,0.00,0,0.00
2022-05-12,30304.44,0.0000,203.0444,203.0444,30304.44,16232.46,0,0.00,0,0.00
2022-05-15,30304.44,0.0000,203.0444,203.0444,30304.44,16044.30,0,0.00,0,0.00
2022-05-16,30304.44,0.0000,203.0444,203.0444,30304.44,16459.87,0,0.00,0,0.00
2022-05-17,30304.44,0.0000,203.0444,203.0444,30304.44,15651.85,0,0.00,0,0.00
2022-05-18,30304.44,0.0000,203.0444,203.0444,30304.44,15567.98,0,0.00,0,0.00
2022-05-19,30304.44,0.0000,203.0444,203.0444,30304.44,15519.60,0,0.00,0,0.00
2022-05-22,30304.44,0.0000,203.0444,203.0444,30304.44,15777.65,0,0.00,0,0.00
2022-05-23,30304.44,0.0000,203.0444,203.0444,30304.44,15442.18,0,0.00,0,0.00
2022-05-24,30304.44,0.0000,203.0444,203.0444,30304.44,15658.30,0,0.00,0,0.00
2022-05-25,30304.44,0.0000,203.0444,203.0444,30304.44,16092.15,0,0.00,0,0.00
2022-05-26,30304.44,0.0000,203.0444,203.0444,30304.44,16617.39,0,0.00,0,0.00
2022-05-30,30304.44,0.0000,203.0444,203.0444,30304.44,16573.30,0,0.00,0,0.00
2022-05-31,30304.44,0.0000,203.0444,203.0444,30304.44,16450.73,0,0.00,0,0.00
2022-06-01,30304.44,0.0000,203.0444,203.0444,30304.44,16901.24,0,0.00,0,0.00
2022-06-02,30304.44,0.0000,203.0444,203.0444,30304.44,16461.48,0,0.00,0,0.00
2022-06-05,30304.44,0.0000,203.0444,203.0444,30304.44,16516.32,0,0.00,0,0.00
2022-06-06,30304.44,0.0000,203.0444,203.0444,30304.44,16658.78,0,0.00,0,0.00
2022-06-07,30304.44,0.0000,203.0444,203.0444,30304.44,16538.90,0,0.00,0,0.00
2022-06-08,30304.44,0.0000,203.0444,203.0444,30304.44,16095.91,0,0.00,0,0.00
2022-06-09,30304.44,0.0000,203.0444,203.0444,30304.44,15528.20,0,0.00,0,0.00
2022-06-12,30304.44,0.0000,203.0444,203.0444,30304.44,14806.19,0,0.00,0,0.00
2022-06-13,30304.44,0.0000,203.0444,203.0444,30304.44,14833.07,0,0.00,0,0.00
2022-06-14,30304.44,0.0000,203.0444,203.0444,30304.44,15203.48,0,0.00,0,0.00
2022-06-15,30304.44,0.0000,203.0444,203.0444,30304.44,14590.08,0,0.00,0,0.00
2022-06-16,30304.44,0.0000,203.0444,203.0444,30304.44,14767.49,0,0.00,0,0.00
2022-06-20,30304.44,0.0000,203.0444,203.0444,30304.44,15111.02,0,0.00,0,0.00
2022-06-21,30304.44,0.0000,203.0444,203.0444,30304.44,15088.97,0,0.00,0,0.00
2022-06-22,30304.44,0.0000,203.0444,203.0444,30304.44,15313.69,0,0.00,0,0.00
2022-06-23,30304.44,0.0000,203.0444,203.0444,30304.44,15838.40,0,0.00,0,0.00
2022-06-26,30304.44,0.0000,203.0444,203.0444,30304.44,15722.27,0,0.00,0,0.00
2022-06-27,30304.44,0.0000,203.0444,203.0444,30304.44,15243.27,0,0.00,0,0.00
2022-06-28,30304.44,0.0000,203.0444,203.0444,30304.44,15257.24,0,0.00,0,0.00
2022-06-29,30304.44,0.0000,203.0444,203.0444,30304.44,15068.01,0,0.00,0,0.00
2022-06-30,30304.44,0.0000,203.0444,203.0444,30304.44,15167.46,0,0.00,0,0.00
2022-07-04,30304.44,0.0000,203.0444,203.0444,30304.44,15427.13,0,0.00,0,0.00
2022-07-05,30304.44,0.0000,203.0444,203.0444,30304.44,15526.05,0,0.00,0,0.00
2022-07-06,30304.44,0.0000,203.0444,203.0444,30304.44,15858.29,0,0.00,0,0.00
2022-07-07,30304.44,0.0000,203.0444,203.0444,30304.44,15878.18,0,0.00,0,0.00
2022-07-10,30304.44,0.0000,203.0444,203.0444,30304.44,15538.95,0,0.00,0,0.00
2022-07-11,30304.44,0.0000,203.0444,203.0444,30304.44,15388.42,0,0.00,0,0.00
2022-07-12,30304.44,0.0000,203.0444,203.0444,30304.44,15356.70,0,0.00,0,0.00
2022-07-13,30304.44,0.0000,203.0444,203.0444,30304.44,15411.54,0,0.00,0,0.00
2022-07-14,30304.44,0.0000,203.0444,203.0444,30304.44,15691.09,0,0.00,0,0.00
2022-07-17,30304.44,0.0000,203.0444,203.0444,30304.44,15558.30,0,0.00,0,0.00
2022-07-18,30304.44,0.0000,203.0444,203.0444,30304.44,16036.77,0,0.00,0,0.00
2022-07-19,30304.44,0.0000,203.0444,203.0444,30304.44,16291.06,0,0.00,0,0.00
2022-07-20,30285.06,-0.0640,202.8506,202.8506,15758.52,16524.92,0,0.00,486,0.00
2022-07-21,30882.27,1.9720,208.8227,208.8227,30882.27,16235.15,0,0.00,0,0.00
2022-07-24,30882.27,0.0000,208.8227,208.8227,30882.27,16142.68,0,0.00,0,0.00
2022-07-25,30882.27,0.0000,208.8227,208.8227,30882.27,15825.49,0,0.00,0,0.00
2022-07-26,30864.02,-0.0591,208.6402,208.6402,17499.65,16494.27,0,0.00,489,0.00
2022-07-27,32531.51,5.4027,225.3151,225.3151,17499.65,16655.56,0,0.00,489,15031.86
2022-07-28,32961.83,1.3228,229.6183,229.6183,17499.65,16959.30,0,0.00,489,15462.18
2022-07-31,33812.69,2.5813,238.1269,238.1269,17499.65,16949.09,0,0.00,489,16313.04
2022-08-01,33788.24,-0.0723,237.8824,237.8824,17499.65,16898.55,0,0.00,489,16288.59
2022-08-02,33636.65,-0.4486,236.3665,236.3665,17499.65,17358.74,0,0.00,489,16137.00
2022-08-03,34927.61,3.8380,249.2761,249.2761,17499.65,17439.92,0,0.00,489,17427.96
2022-08-04,35177.00,0.7140,251.7700,251.7700,17499.65,17297.46,0,0.00,489,17677.35
2022-08-07,34756.46,-1.1955,247.5646,247.5646,17499.65,17241.55,0,0.00,489,17256.81
2022-08-08,34580.42,-0.5065,245.8042,245.8042,17499.65,17046.40,0,0.00,489,17080.77
2022-08-09,33993.62,-1.6969,239.9362,239.9362,17499.65,17522.18,0,0.00,489,16493.97
2022-08-10,35348.15,3.9847,253.4815,253.4815,17499.65,17422.72,0,0.00,489,17848.50
2022-08-11,35079.20,-0.7609,250.7920,250.7920,17499.65,17761.95,0,0.00,489,17579.55
2022-08-14,36071.87,2.8298,260.7187,260.7187,17499.65,17905.49,0,0.00,489,18572.22
2022-08-15,36516.86,1.2336,265.1686,265.1686,17499.65,17863.56,0,0.00,489,19017.21
2022-08-16,36394.61,-0.3348,263.9461,263.9461,17499.65,17659.80,0,0.00,489,18894.96
2022-08-17,35739.35,-1.8004,257.3935,257.3935,17499.65,17702.27,0,0.00,489,18239.70
2022-08-18,35820.04,0.2258,258.2004,258.2004,18062.74,17357.13,55,0.00,0,0.00
2022-08-21,35352.54,-1.3051,253.5254,253.5254,18062.74,16900.17,55,17289.80,0,0.00
2022-08-22,35338.24,-0.0404,253.3824,253.3824,18062.74,16886.19,55,17275.50,0,0.00
2022-08-23,35388.29,0.1416,253.8829,253.8829,18062.74,16935.11,55,17325.55,0,0.00
2022-08-24,35694.64,0.8657,256.9464,256.9464,18062.74,17234.56,55,17631.90,0,0.00
2022-08-25,34954.48,-2.0736,249.5448,249.5448,34954.48,16528.14,0,0.00,0,0.00
2022-08-28,34954.48,0.0000,249.5448,249.5448,34954.48,16365.25,0,0.00,0,0.00
2022-08-29,34954.48,0.0000,249.5448,249.5448,34954.48,16183.00,0,0.00,0,0.00
2022-08-30,34954.48,0.0000,249.5448,249.5448,34954.48,16088.92,0,0.00,0,0.00
2022-08-31,34954.48,0.0000,249.5448,249.5448,34954.48,16095.91,0,0.00,0,0.00
2022-09-01,34954.48,0.0000,249.5448,249.5448,34954.48,15868.50,0,0.00,0,0.00
2022-09-05,34954.48,0.0000,249.5448,249.5448,34954.48,15754.53,0,0.00,0,0.00
2022-09-06,34954.48,0.0000,249.5448,249.5448,34954.48,16072.79,0,0.00,0,0.00
2022-09-07,34954.48,0.0000,249.5448,249.5448,34954.48,16156.12,0,0.00,0,0.00
2022-09-08,34936.72,-0.0508,249.3672,249.3672,17739.68,16509.33,56,0.00,0,0.00
2022-09-11,35141.12,0.5851,251.4112,251.4112,17739.68,16705.55,56,17401.44,0,0.00
2022-09-12,34169.88,-2.7638,241.6988,241.6988,34169.88,15789.47,0,0.00,0,0.00
2022-09-13,34169.88,0.0000,241.6988,241.6988,34169.88,15914.74,0,0.00,0,0.00
2022-09-14,34169.88,0.0000,241.6988,241.6988,34169.88,15649.70,0,0.00,0,0.00
2022-09-15,34169.88,0.0000,241.6988,241.6988,34169.88,15554.00,0,0.00,0,0.00
2022-09-18,34169.88,0.0000,241.6988,241.6988,34169.88,15647.01,0,0.00,0,0.00
2022-09-19,34169.88,0.0000,241.6988,241.6988,34169.88,15522.28,0,0.00,0,0.00
2022-09-20,34169.88,0.0000,241.6988,241.6988,34169.88,15244.34,0,0.00,0,0.00
2022-09-21,34169.88,0.0000,241.6988,241.6988,34169.88,15056.72,0,0.00,0,0.00
2022-09-22,34169.88,0.0000,241.6988,241.6988,34169.88,14811.57,0,0.00,0,0.00
2022-09-25,34169.88,0.0000,241.6988,241.6988,34169.88,14750.28,0,0.00,0,0.00
2022-09-26,34169.88,0.0000,241.6988,241.6988,34169.88,14756.20,0,0.00,0,0.00
2022-09-27,34169.88,0.0000,241.6988,241.6988,34169.88,15049.73,0,0.00,0,0.00
2022-09-28,34169.88,0.0000,241.6988,241.6988,34169.88,14615.88,0,0.00,0,0.00
2022-09-29,34169.88,0.0000,241.6988,241.6988,34169.88,14368.04,0,0.00,0,0.00
2022-10-02,34169.88,0.0000,241.6988,241.6988,34169.88,14705.12,0,0.00,0,0.00
2022-10-03,34169.88,0.0000,241.6988,241.6988,34169.88,15167.46,0,0.00,0,0.00
2022-10-04,34169.88,0.0000,241.6988,241.6988,34169.88,15159.40,0,0.00,0,0.00
2022-10-05,34169.88,0.0000,241.6988,241.6988,34169.88,15040.05,0,0.00,0,0.00
2022-10-06,34169.88,0.0000,241.6988,241.6988,34169.88,14466.96,0,0.00,0,0.00
2022-10-09,34169.88,0.0000,241.6988,241.6988,34169.88,14322.35,0,0.00,0,0.00
2022-10-10,34169.88,0.0000,241.6988,241.6988,34169.88,14125.58,0,0.00,0,0.00
2022-10-11,34169.88,0.0000,241.6988,241.6988,34169.88,14120.75,0,0.00,0,0.00
2022-10-12,34169.88,0.0000,241.6988,241.6988,34169.88,14451.91,0,0.00,0,0.00
2022-10-13,34169.88,0.0000,241.6988,241.6988,34169.88,14017.53,0,0.00,0,0.00
2022-10-16,34169.88,0.0000,241.6988,241.6988,34169.88,14480.40,0,0.00,0,0.00
2022-10-17,34169.88,0.0000,241.6988,241.6988,34169.88,14594.91,0,0.00,0,0.00
2022-10-18,34169.88,0.0000,241.6988,241.6988,34169.88,14541.69,0,0.00,0,0.00
2022-10-19,34169.88,0.0000,241.6988,241.6988,34169.88,14467.50,0,0.00,0,0.00
2022-10-20,34169.88,0.0000,241.6988,241.6988,34169.88,14806.73,0,0.00,0,0.00
2022-10-23,34169.88,0.0000,241.6988,241.6988,34169.88,14969.63,0,0.00,0,0.00
2022-10-24,34169.88,0.0000,241.6988,241.6988,34169.88,15279.29,0,0.00,0,0.00
2022-10-25,34169.88,0.0000,241.6988,241.6988,34169.88,14941.67,0,0.00,0,0.00
2022-10-26,34169.88,0.0000,241.6988,241.6988,34169.88,14669.64,0,0.00,0,0.00
2022-10-27,34169.88,0.0000,241.6988,241.6988,34169.88,15118.54,0,0.00,0,0.00
2022-10-30,34169.88,0.0000,241.6988,241.6988,34169.88,14942.75,0,0.00,0,0.00
2022-10-31,34169.88,0.0000,241.6988,241.6988,34169.88,14790.07,0,0.00,0,0.00
2022-11-01,34169.88,0.0000,241.6988,241.6988,34169.88,14283.10,0,0.00,0,0.00
2022-11-02,34169.88,0.0000,241.6988,241.6988,34169.88,14004.09,0,0.00,0,0.00
2022-11-03,34169.88,0.0000,241.6988,241.6988,34169.88,14229.34,0,0.00,0,0.00
2022-11-06,34169.88,0.0000,241.6988,241.6988,34169.88,14385.79,0,0.00,0,0.00
2022-11-07,34169.88,0.0000,241.6988,241.6988,34169.88,14490.62,0,0.00,0,0.00
2022-11-08,34169.88,0.0000,241.6988,241.6988,34169.88,14156.23,0,0.00,0,0.00
2022-11-09,34169.88,0.0000,241.6988,241.6988,34169.88,15200.80,0,0.00,0,0.00
2022-11-10,34152.89,-0.0497,241.5289,241.5289,22569.89,15480.89,0,0.00,540,0.00
2022-11-13,34811.69,1.9290,248.1169,248.1169,22569.89,15345.41,0,0.00,540,12241.80
2022-11-14,34487.69,-0.9307,244.8769,244.8769,22569.89,15557.77,0,0.00,540,11917.80
2022-11-15,34968.29,1.3935,249.6829,249.6829,22569.89,15345.41,0,0.00,540,12398.40
2022-11-16,34448.80,-1.4856,244.4880,244.4880,34448.80,15311.54,0,0.00,0,0.00
2022-11-17,34448.80,0.0000,244.4880,244.4880,34448.80,15312.08,0,0.00,0,0.00
2022-11-20,34448.80,0.0000,244.4880,244.4880,34448.80,15154.56,0,0.00,0,0.00
2022-11-21,34427.28,-0.0625,244.2728,244.2728,19813.08,15372.83,0,0.00,690,0.00
2022-11-22,35041.38,1.7838,250.4138,250.4138,19813.08,15527.12,0,0.00,690,15228.30
2022-11-24,35496.78,1.2996,254.9678,254.9678,19813.08,15424.98,0,0.00,690,15683.70
2022-11-27,35150.22,-0.9763,251.5022,251.5022,35150.22,15198.65,0,0.00,0,0.00
2022-11-28,35150.22,0.0000,251.5022,251.5022,35150.22,15083.60,0,0.00,0,0.00
2022-11-29,35123.64,-0.0756,251.2364,251.2364,17178.36,15771.20,0,0.00,864,0.00
2022-11-30,37534.20,6.8631,275.3420,275.3420,17178.36,15790.55,0,0.00,864,20355.84
2022-12-01,37646.52,0.2992,276.4652,276.4652,17178.36,15727.65,0,0.00,864,20468.16
2022-12-04,37404.60,-0.6426,274.0460,274.0460,17178.36,15463.68,0,0.00,864,20226.24
2022-12-05,36357.23,-2.8001,263.5723,263.5723,36357.23,15143.27,0,0.00,0,0.00
2022-12-06,36357.23,0.0000,263.5723,263.5723,36357.23,15081.45,0,0.00,0,0.00
2022-12-07,36357.23,0.0000,263.5723,263.5723,36357.23,15259.93,0,0.00,0,0.00
2022-12-08,36357.23,0.0000,263.5723,263.5723,36357.23,15162.63,0,0.00,0,0.00
2022-12-11,36357.23,0.0000,263.5723,263.5723,36357.23,15352.94,0,0.00,0,0.00
2022-12-12,36338.72,-0.0509,263.3872,263.3872,18442.42,15517.98,62,0.00,0,0.00
2022-12-13,36187.65,-0.4157,261.8765,261.8765,36187.65,15402.94,0,0.00,0,0.00
2022-12-14,36187.65,0.0000,261.8765,261.8765,36187.65,14885.76,0,0.00,0,0.00
2022-12-15,36187.65,0.0000,261.8765,261.8765,36187.65,14743.83,0,0.00,0,0.00
2022-12-18,36187.65,0.0000,261.8765,261.8765,36187.65,14501.91,0,0.00,0,0.00
2022-12-19,36187.65,0.0000,261.8765,261.8765,36187.65,14490.62,0,0.00,0,0.00
2022-12-20,36187.65,0.0000,261.8765,261.8765,36187.65,14700.82,0,0.00,0,0.00
2022-12-21,36187.65,0.0000,261.8765,261.8765,36187.65,14341.16,0,0.00,0,0.00
2022-12-22,36187.65,0.0000,261.8765,261.8765,36187.65,14373.42,0,0.00,0,0.00
2022-12-26,36187.65,0.0000,261.8765,261.8765,36187.65,14170.21,0,0.00,0,0.00
2022-12-27,36187.65,0.0000,261.8765,261.8765,36187.65,13983.12,0,0.00,0,0.00
2022-12-28,36187.65,0.0000,261.8765,261.8765,36187.65,14323.96,0,0.00,0,0.00
2022-12-29,36187.65,0.0000,261.8765,261.8765,36187.65,14315.36,0,0.00,0,0.00
2023-01-02,36187.65,0.0000,261.8765,261.8765,36187.65,14218.59,0,0.00,0,0.00
2023-01-03,36187.65,0.0000,261.8765,261.8765,36187.65,14286.33,0,0.00,0,0.00
2023-01-04,36187.65,0.0000,261.8765,261.8765,36187.65,14062.68,0,0.00,0,0.00
2023-01-05,36187.65,0.0000,261.8765,261.8765,36187.65,14450.84,0,0.00,0,0.00
2023-01-08,36187.65,0.0000,261.8765,261.8765,36187.65,14544.38,0,0.00,0,0.00
2023-01-09,36187.65,0.0000,261.8765,261.8765,36187.65,14667.49,0,0.00,0,0.00
2023-01-10,36187.65,0.0000,261.8765,261.8765,36187.65,14921.24,0,0.00,0,0.00
2023-01-11,36158.95,-0.0793,261.5895,261.5895,17214.79,15001.88,0,0.00,976,0.00
2023-01-12,36451.75,0.8098,264.5175,264.5175,17214.79,15105.10,0,0.00,976,19236.96
2023-01-16,36832.39,1.0442,268.3239,268.3239,17214.79,15135.75,0,0.00,976,19617.60
2023-01-17,36939.75,0.2915,269.3975,269.3975,17214.79,14938.98,0,0.00,976,19724.96
2023-01-18,36179.00,-2.0594,261.7900,261.7900,36179.00,14792.22,0,0.00,0,0.00
2023-01-19,36150.64,-0.0784,261.5064,261.5064,17621.09,15197.03,0,0.00,983,0.00
2023-01-22,37664.46,4.1875,276.6446,276.6446,17621.09,15534.65,0,0.00,983,20043.37
2023-01-23,38981.68,3.4972,289.8168,289.8168,17621.09,15502.93,0,0.00,983,21360.59
2023-01-24,38853.89,-0.3278,288.5389,288.5389,17621.09,15468.52,0,0.00,983,21232.80
2023-01-25,38696.61,-0.4048,286.9661,286.9661,17621.09,15770.12,0,0.00,983,21075.52
2023-01-26,39915.53,3.1499,299.1553,299.1553,17621.09,15927.10,0,0.00,983,22294.44
2023-01-29,40554.48,1.6008,305.5448,305.5448,17621.09,15605.07,0,0.00,983,22933.39
2023-01-30,39178.28,-3.3935,291.7828,291.7828,17621.09,15838.93,0,0.00,983,21557.19
2023-01-31,40141.62,2.4589,301.4162,301.4162,17621.09,16177.62,0,0.00,983,22520.53
2023-02-01,41596.46,3.6243,315.9646,315.9646,17621.09,16758.24,0,0.00,983,23975.37
2023-02-02,44073.62,5.9552,340.7362,340.7362,17621.09,16460.41,0,0.00,983,26452.53
2023-02-05,42707.25,-3.1002,327.0725,327.0725,17621.09,16321.17,0,0.00,983,25086.16
2023-02-06,42068.30,-1.4961,320.6830,320.6830,17621.09,16659.32,0,0.00,983,24447.21
2023-02-07,43582.12,3.5985,335.8212,335.8212,17621.09,16363.10,0,0.00,983,25961.03
2023-02-08,42186.26,-3.2028,321.8626,321.8626,17621.09,16218.48,0,0.00,983,24565.17
2023-02-09,41527.65,-1.5612,315.2765,315.2765,17621.09,16112.04,0,0.00,983,23906.56
2023-02-12,41036.15,-1.1835,310.3615,310.3615,17621.09,16370.09,0,0.00,983,23415.06
2023-02-13,42146.94,2.7069,321.4694,321.4694,17621.09,16491.05,0,0.00,983,24525.85
2023-02-14,42677.76,1.2595,326.7776,326.7776,17621.09,16617.39,0,0.00,983,25056.67
2023-02-15,43180.37,1.1777,331.8037,331.8037,21646.07,16305.57,71,0.00,0,0.00
2023-02-16,43028.43,-0.3519,330.2843,330.2843,21646.07,16190.53,71,21382.36,0,0.00
2023-02-20,42522.20,-1.1765,325.2220,325.2220,21646.07,15807.21,71,20876.13,0,0.00
2023-02-21,42537.82,0.0367,325.3782,325.3782,21646.07,15819.04,71,20891.75,0,0.00
2023-02-22,42720.29,0.4290,327.2029,327.2029,21646.07,15957.21,71,21074.22,0,0.00
2023-02-23,42367.42,-0.8260,323.6742,323.6742,21646.07,15690.02,71,20721.35,0,0.00
2023-02-26,42515.81,0.3502,325.1581,325.1581,21646.07,15802.38,71,20869.74,0,0.00
2023-02-27,42488.83,-0.0635,324.8883,324.8883,21646.07,15781.95,71,20842.76,0,0.00
2023-02-28,42321.27,-0.3944,323.2127,323.2127,21646.07,15655.07,71,20675.20,0,0.00
2023-03-01,42492.38,0.4043,324.9238,324.9238,21646.07,15784.64,71,20846.31,0,0.00
2023-03-02,42923.35,1.0142,329.2335,329.2335,21646.07,16110.96,71,21277.28,0,0.00
2023-03-05,42947.49,0.0562,329.4749,329.4749,21646.07,16129.24,71,21301.42,0,0.00
2023-03-06,42686.21,-0.6084,326.8621,326.8621,21646.07,15931.40,71,21040.14,0,0.00
2023-03-07,42791.29,0.2462,327.9129,327.9129,21646.07,16010.97,71,21145.22,0,0.00
2023-03-08,42424.93,-0.8562,324.2493,324.2493,21646.07,15733.56,71,20778.86,0,0.00
2023-03-09,42133.12,-0.6878,321.3312,321.3312,21646.07,15512.61,71,20487.05,0,0.00
2023-03-12,42285.06,0.3606,322.8506,322.8506,21646.07,15627.65,71,20638.99,0,0.00
2023-03-13,42759.34,1.1216,327.5934,327.5934,21646.07,15986.77,71,21113.27,0,0.00
2023-03-14,42870.10,0.2590,328.7010,328.7010,21646.07,16070.64,71,21224.03,0,0.00
2023-03-15,43376.83,1.1820,333.7683,333.7683,22254.29,16494.27,0,0.00,914,0.00
2023-03-16,45049.45,3.8560,350.4945,350.4945,22254.29,16416.32,0,0.00,914,22795.16
2023-03-19,44711.27,-0.7507,347.1127,347.1127,22254.29,16449.12,0,0.00,914,22456.98
2023-03-20,44948.91,0.5315,349.4891,349.4891,22254.29,16684.05,0,0.00,914,22694.62
2023-03-21,45908.61,2.1351,359.0861,359.0861,22254.29,16457.18,0,0.00,914,23654.32
2023-03-22,44811.81,-2.3891,348.1181,348.1181,22254.29,16652.33,0,0.00,914,22557.52
2023-03-23,45616.13,1.7949,356.1613,356.1613,22254.29,16713.62,0,0.00,914,23361.84
2023-03-26,45853.77,0.5210,358.5377,358.5377,22254.29,16599.11,0,0.00,914,23599.48
2023-03-27,45369.35,-1.0564,353.6935,353.6935,22254.29,16510.94,0,0.00,914,23115.06
2023-03-28,44985.47,-0.8461,349.8547,349.8547,22254.29,16812.00,0,0.00,914,22731.18
2023-03-29,46228.51,2.7632,362.2851,362.2851,22254.29,16971.13,0,0.00,914,23974.22
2023-03-30,46877.45,1.4038,368.7745,368.7745,22254.29,17253.37,0,0.00,914,24623.16
