Date,Portfolio_Total_Value,Portfolio_Day_Change_Pct,Portfolio_Overall_Return,Portfolio_PL_Percent,Cash,BuyHold_QQQ_Value,QQQ_Qty,QQQ_Value,TQQQ_Qty,TQQQ_Value
2010-04-04,10000.00,0.0000,0.0000,0.0000,10000.00,10000.00,0,0.00,0,0.00
2010-04-05,10000.00,0.0000,0.0000,0.0000,10000.00,10028.80,0,0.00,0,0.00
2010-04-06,10000.00,0.0000,0.0000,0.0000,10000.00,10004.11,0,0.00,0,0.00
2010-04-07,10000.00,0.0000,0.0000,0.0000,10000.00,10026.74,0,0.00,0,0.00
2010-04-08,10000.00,0.0000,0.0000,0.0000,10000.00,10086.40,0,0.00,0,0.00
2010-04-11,10000.00,0.0000,0.0000,0.0000,10000.00,10094.63,0,0.00,0,0.00
2010-04-12,10000.00,0.0000,0.0000,0.0000,10000.00,10146.06,0,0.00,0,0.00
2010-04-13,10000.00,0.0000,0.0000,0.0000,10000.00,10267.43,0,0.00,0,0.00
2010-04-14,10000.00,0.0000,0.0000,0.0000,10000.00,10312.69,0,0.00,0,0.00
2010-04-15,10000.00,0.0000,0.0000,0.0000,10000.00,10189.26,0,0.00,0,0.00
2010-04-18,10000.00,0.0000,0.0000,0.0000,10000.00,10183.09,0,0.00,0,0.00
2010-04-19,10000.00,0.0000,0.0000,0.0000,10000.00,10234.52,0,0.00,0,0.00
2010-04-20,10000.00,0.0000,0.0000,0.0000,10000.00,10292.12,0,0.00,0,0.00
2010-04-21,10000.00,0.0000,0.0000,0.0000,10000.00,10349.72,0,0.00,0,0.00
2010-04-22,10000.00,0.0000,0.0000,0.0000,10000.00,10392.92,0,0.00,0,0.00
2010-04-25,10000.00,0.0000,0.0000,0.0000,10000.00,10370.29,0,0.00,0,0.00
2010-04-26,10000.00,0.0000,0.0000,0.0000,10000.00,10150.17,0,0.00,0,0.00
2010-04-27,10000.00,0.0000,0.0000,0.0000,10000.00,10156.35,0,0.00,0,0.00
2010-04-28,10000.00,0.0000,0.0000,0.0000,10000.00,10333.26,0,0.00,0,0.00
2010-04-29,10000.00,0.0000,0.0000,0.0000,10000.00,10129.09,0,0.00,0,0.00
2010-05-02,10000.00,0.0000,0.0000,0.0000,10000.00,10271.55,0,0.00,0,0.00
2010-05-03,10000.00,0.0000,0.0000,0.0000,10000.00,9962.97,0,0.00,0,0.00
2010-05-04,10000.00,0.0000,0.0000,0.0000,10000.00,9911.54,0,0.00,0,0.00
2010-05-05,10000.00,0.0000,0.0000,0.0000,10000.00,9580.33,0,0.00,0,0.00
2010-05-06,10000.00,0.0000,0.0000,0.0000,10000.00,9341.70,0,0.00,0,0.00
2010-05-09,10000.00,0.0000,0.0000,0.0000,10000.00,9827.20,0,0.00,0,0.00
2010-05-10,10000.00,0.0000,0.0000,0.0000,10000.00,9816.91,0,0.00,0,0.00
2010-05-11,10000.00,0.0000,0.0000,0.0000,10000.00,10002.06,0,0.00,0,0.00
2010-05-12,10000.00,0.0000,0.0000,0.0000,10000.00,9843.65,0,0.00,0,0.00
2010-05-13,10000.00,0.0000,0.0000,0.0000,10000.00,9654.39,0,0.00,0,0.00
2010-05-16,10000.00,0.0000,0.0000,0.0000,10000.00,9685.25,0,0.00,0,0.00
2010-05-17,10000.00,0.0000,0.0000,0.0000,10000.00,9551.53,0,0.00,0,0.00
2010-05-18,10000.00,0.0000,0.0000,0.0000,10000.00,9475.42,0,0.00,0,0.00
2010-05-19,10000.00,0.0000,0.0000,0.0000,10000.00,9123.64,0,0.00,0,0.00
2010-05-20,10000.00,0.0000,0.0000,0.0000,10000.00,9224.44,0,0.00,0,0.00
2010-05-23,10000.00,0.0000,0.0000,0.0000,10000.00,9187.41,0,0.00,0,0.00
2010-05-24,10000.00,0.0000,0.0000,0.0000,10000.00,9195.64,0,0.00,0,0.00
2010-05-25,10000.00,0.0000,0.0000,0.0000,10000.00,9092.78,0,0.00,0,0.00
2010-05-26,10000.00,0.0000,0.0000,0.0000,10000.00,9436.33,0,0.00,0,0.00
2010-05-27,10000.00,0.0000,0.0000,0.0000,10000.00,9380.79,0,0.00,0,0.00
2010-05-31,10000.00,0.0000,0.0000,0.0000,10000.00,9294.38,0,0.00,0,0.00
2010-06-01,10000.00,0.0000,0.0000,0.0000,10000.00,9514.50,0,0.00,0,0.00
2010-06-02,10000.00,0.0000,0.0000,0.0000,10000.00,9605.02,0,0.00,0,0.00
2010-06-03,10000.00,0.0000,0.0000,0.0000,10000.00,9276.38,0,0.00,0,0.00
2010-06-06,10000.00,0.0000,0.0000,0.0000,10000.00,9107.18,0,0.00,0,0.00
2010-06-07,10000.00,0.0000,0.0000,0.0000,10000.00,9090.72,0,0.00,0,0.00
2010-06-08,10000.00,0.0000,0.0000,0.0000,10000.00,9014.61,0,0.00,0,0.00
2010-06-09,10000.00,0.0000,0.0000,0.0000,10000.00,9271.75,0,0.00,0,0.00
2010-06-10,10000.00,0.0000,0.0000,0.0000,10000.00,9360.21,0,0.00,0,0.00
2010-06-13,10000.00,0.0000,0.0000,0.0000,10000.00,9358.16,0,0.00,0,0.00
2010-06-14,10000.00,0.0000,0.0000,0.0000,10000.00,9609.13,0,0.00,0,0.00
2010-06-15,10000.00,0.0000,0.0000,0.0000,10000.00,9648.22,0,0.00,0,0.00
2010-06-16,10000.00,0.0000,0.0000,0.0000,10000.00,9679.08,0,0.00,0,0.00
2010-06-17,10000.00,0.0000,0.0000,0.0000,10000.00,9668.79,0,0.00,0,0.00
2010-06-20,10000.00,0.0000,0.0000,0.0000,10000.00,9586.50,0,0.00,0,0.00
2010-06-21,10000.00,0.0000,0.0000,0.0000,10000.00,9512.45,0,0.00,0,0.00
2010-06-22,10000.00,0.0000,0.0000,0.0000,10000.00,9473.36,0,0.00,0,0.00
2010-06-23,10000.00,0.0000,0.0000,0.0000,10000.00,9329.36,0,0.00,0,0.00
2010-06-24,10000.00,0.0000,0.0000,0.0000,10000.00,9312.90,0,0.00,0,0.00
2010-06-27,10000.00,0.0000,0.0000,0.0000,10000.00,9279.98,0,0.00,0,0.00
2010-06-28,10000.00,0.0000,0.0000,0.0000,10000.00,8922.03,0,0.00,0,0.00
2010-06-29,10000.00,0.0000,0.0000,0.0000,10000.00,8786.26,0,0.00,0,0.00
2010-06-30,10000.00,0.0000,0.0000,0.0000,10000.00,8761.57,0,0.00,0,0.00
2010-07-01,10000.00,0.0000,0.0000,0.0000,10000.00,8736.89,0,0.00,0,0.00
2010-07-05,10000.00,0.0000,0.0000,0.0000,10000.00,8763.63,0,0.00,0,0.00
2010-07-06,10000.00,0.0000,0.0000,0.0000,10000.00,9043.41,0,0.00,0,0.00
2010-07-07,10000.00,0.0000,0.0000,0.0000,10000.00,9092.78,0,0.00,0,0.00
2010-07-08,10000.00,0.0000,0.0000,0.0000,10000.00,9179.18,0,0.00,0,0.00
2010-07-11,10000.00,0.0000,0.0000,0.0000,10000.00,9205.92,0,0.00,0,0.00
2010-07-12,10000.00,0.0000,0.0000,0.0000,10000.00,9325.24,0,0.00,0,0.00
2010-07-13,10000.00,0.0000,0.0000,0.0000,10000.00,9372.56,0,0.00,0,0.00
2010-07-14,10000.00,0.0000,0.0000,0.0000,10000.00,9380.79,0,0.00,0,0.00
2010-07-15,10000.00,0.0000,0.0000,0.0000,10000.00,9121.58,0,0.00,0,0.00
2010-07-18,10000.00,0.0000,0.0000,0.0000,10000.00,9199.75,0,0.00,0,0.00
2010-07-19,10000.00,0.0000,0.0000,0.0000,10000.00,9310.84,0,0.00,0,0.00
2010-07-20,10000.00,0.0000,0.0000,0.0000,10000.00,9183.30,0,0.00,0,0.00
2010-07-21,10000.00,0.0000,0.0000,0.0000,10000.00,9415.76,0,0.00,0,0.00
2010-07-22,9857.75,-1.4225,-1.4225,-1.4225,3499.93,9475.42,0,0.00,13589,0.00
2010-07-25,9857.75,0.0000,-1.4225,-1.4225,3499.93,9553.59,0,0.00,13589,6357.82
2010-07-26,10138.03,2.8432,1.3803,1.3803,3499.93,9549.48,0,0.00,13589,6638.09
2010-07-27,9978.51,-1.5734,-0.2149,-0.2149,9978.51,9473.36,0,0.00,0,0.00
2010-07-28,9978.51,0.0000,-0.2149,-0.2149,9978.51,9403.41,0,0.00,0,0.00
2010-07-29,9978.51,0.0000,-0.2149,-0.2149,9978.51,9423.99,0,0.00,0,0.00
2010-08-01,9818.89,-1.5996,-1.8111,-1.8111,2678.55,9600.91,0,0.00,15248,0.00
2010-08-02,10222.33,4.1087,2.2233,2.2233,2678.55,9559.76,0,0.00,15248,7543.78
2010-08-03,10135.78,-0.8467,1.3578,1.3578,2678.55,9656.04,0,0.00,15248,7457.23
2010-08-04,10346.23,2.0763,3.4623,3.4623,2678.55,9633.82,0,0.00,15248,7667.69
2010-08-05,10295.39,-0.4914,2.9539,2.9539,2678.55,9619.42,0,0.00,15248,7616.85
2010-08-08,10269.18,-0.2546,2.6918,2.6918,2678.55,9685.25,0,0.00,15248,7590.64
2010-08-09,10416.11,1.4308,4.1611,4.1611,2678.55,9601.42,0,0.00,15248,7737.57
2010-08-10,10064.69,-3.3738,0.6469,0.6469,10064.69,9339.64,0,0.00,0,0.00
2010-08-11,10064.69,0.0000,0.6469,0.6469,10064.69,9265.58,0,0.00,0,0.00
2010-08-12,10064.69,0.0000,0.6469,0.6469,10064.69,9199.75,0,0.00,0,0.00
2010-08-15,10064.69,0.0000,0.6469,0.6469,10064.69,9216.21,0,0.00,0,0.00
2010-08-16,10064.69,0.0000,0.6469,0.6469,10064.69,9333.88,0,0.00,0,0.00
2010-08-17,10064.69,0.0000,0.6469,0.6469,10064.69,9370.50,0,0.00,0,0.00
2010-08-18,10064.69,0.0000,0.6469,0.6469,10064.69,9228.55,0,0.00,0,0.00
2010-08-19,10064.69,0.0000,0.6469,0.6469,10064.69,9240.90,0,0.00,0,0.00
2010-08-22,10064.69,0.0000,0.6469,0.6469,10064.69,9150.38,0,0.00,0,0.00
2010-08-23,10064.69,0.0000,0.6469,0.6469,10064.69,8979.63,0,0.00,0,0.00
2010-08-24,10064.69,0.0000,0.6469,0.6469,10064.69,9066.04,0,0.00,0,0.00
2010-08-25,10064.69,0.0000,0.6469,0.6469,10064.69,8957.00,0,0.00,0,0.00
2010-08-26,10064.69,0.0000,0.6469,0.6469,10064.69,9066.04,0,0.00,0,0.00
2010-08-29,10064.69,0.0000,0.6469,0.6469,10064.69,8971.41,0,0.00,0,0.00
2010-08-30,10064.69,0.0000,0.6469,0.6469,10064.69,8940.55,0,0.00,0,0.00
2010-08-31,10064.69,0.0000,0.6469,0.6469,10064.69,9207.98,0,0.00,0,0.00
2010-09-01,10064.69,0.0000,0.6469,0.6469,10064.69,9310.84,0,0.00,0,0.00
2010-09-02,9895.98,-1.6763,-1.0402,-1.0402,2911.26,9465.13,0,0.00,16173,0.00
2010-09-06,10483.09,5.9328,4.8309,4.8309,2911.26,9401.36,0,0.00,16173,7571.83
2010-09-07,10316.31,-1.5909,3.1631,3.1631,2911.26,9514.50,0,0.00,16173,7405.05
2010-09-08,10596.80,2.7189,5.9680,5.9680,2911.26,9551.53,0,0.00,16173,7685.54
2010-09-09,10666.72,0.6598,6.6672,6.6672,2911.26,9586.50,0,0.00,16173,7755.45
2010-09-12,10749.27,0.7739,7.4927,7.4927,2911.26,9720.22,0,0.00,16173,7838.00
2010-09-13,11111.48,3.3696,11.1148,11.1148,2911.26,9761.37,0,0.00,16173,8200.21
2010-09-14,11199.93,0.7960,11.9993,11.9993,2911.26,9823.08,0,0.00,16173,8288.66
2010-09-15,11343.12,1.2785,13.4312,13.4312,2911.26,9862.17,0,0.00,16173,8431.86
2010-09-16,11452.63,0.9654,14.5263,14.5263,2911.26,9873.48,0,0.00,16173,8541.37
2010-09-19,11552.03,0.8679,15.5203,15.5203,2911.26,10045.24,0,0.00,16173,8640.76
2010-09-20,11997.63,3.8573,19.9763,19.9763,2911.26,10043.20,0,0.00,16173,9086.36
2010-09-21,11992.58,-0.0421,19.9258,19.9258,2911.26,10016.46,0,0.00,16173,9081.32
2010-09-22,11906.65,-0.7165,19.0665,19.0665,2911.26,10012.34,0,0.00,16173,8995.39
2010-09-23,11898.23,-0.0708,18.9823,18.9823,2911.26,10216.00,0,0.00,16173,8986.96
2010-09-26,11898.23,0.0000,18.9823,18.9823,2911.26,10160.46,0,0.00,16173,8986.96
2010-09-27,12284.02,3.2424,22.8402,22.8402,2911.26,10156.35,0,0.00,16173,9372.75
2010-09-28,12301.71,0.1440,23.0171,23.0171,2911.26,10139.89,0,0.00,16173,9390.45
2010-09-29,12252.85,-0.3972,22.5285,22.5285,2911.26,10094.63,0,0.00,16173,9341.59
2010-09-30,12102.07,-1.2306,21.0207,21.0207,2911.26,10082.29,0,0.00,16173,9190.81
2010-10-03,11902.14,-1.6520,19.0214,19.0214,5987.58,9973.26,122,0.00,0,0.00
2010-10-04,12046.10,1.2095,20.4610,20.4610,5987.58,10216.00,122,6058.52,0,0.00
2010-10-05,11993.64,-0.4355,19.9364,19.9364,5987.58,10127.55,122,6006.06,0,0.00
2010-10-06,12015.60,0.1831,20.1560,20.1560,5987.58,10164.58,122,6028.02,0,0.00
2010-10-07,12057.08,0.3452,20.5708,20.5708,5987.58,10234.52,122,6069.50,0,0.00
2010-10-10,12059.52,0.0202,20.5952,20.5952,5987.58,10238.63,122,6071.94,0,0.00
2010-10-11,12101.00,0.3440,21.0100,21.0100,5987.58,10308.58,122,6113.42,0,0.00
2010-10-12,11943.63,-1.3005,19.4363,19.4363,542.55,10392.92,0,0.00,18861,0.00
2010-10-13,12206.89,2.2042,22.0689,22.0689,542.55,10372.35,0,0.00,18861,11664.34
2010-10-14,12157.77,-0.4023,21.5777,21.5777,542.55,10592.47,0,0.00,18861,11615.23
2010-10-17,12891.60,6.0358,28.9160,28.9160,542.55,10553.38,0,0.00,18861,12349.05
2010-10-18,13004.56,0.8762,30.0456,30.0456,542.55,10454.64,0,0.00,18861,12462.01
2010-10-19,12392.56,-4.7061,23.9256,23.9256,542.55,10530.75,0,0.00,18861,11850.01
2010-10-20,12666.64,2.2117,26.6664,26.6664,542.55,10551.33,0,0.00,18861,12124.10
2010-10-21,12742.28,0.5971,27.4228,27.4228,542.55,10623.33,0,0.00,18861,12199.73
2010-10-24,12988.85,1.9351,29.8885,29.8885,542.55,10674.76,0,0.00,18861,12446.30
2010-10-25,13153.88,1.2706,31.5388,31.5388,542.55,10703.56,0,0.00,18861,12611.33
2010-10-26,13252.11,0.7468,32.5211,32.5211,542.55,10736.47,0,0.00,18861,12709.56
2010-10-27,13375.89,0.9341,33.7589,33.7589,542.55,10759.10,0,0.00,18861,12833.35
2010-10-28,13445.62,0.5213,34.4562,34.4562,542.55,10734.42,0,0.00,18861,12903.07
2010-10-31,13140.16,-2.2718,31.4016,31.4016,6612.66,10742.65,125,0.00,0,0.00
2010-11-01,13202.31,0.4730,32.0231,32.0231,13202.31,10857.85,0,0.00,0,0.00
2010-11-02,13202.31,0.0000,32.0231,32.0231,13202.31,10907.22,0,0.00,0,0.00
2010-11-03,13202.31,0.0000,32.0231,32.0231,13202.31,11040.94,0,0.00,0,0.00
2010-11-04,13202.31,0.0000,32.0231,32.0231,13202.31,11040.94,0,0.00,0,0.00
2010-11-07,13202.31,0.0000,32.0231,32.0231,13202.31,11054.82,0,0.00,0,0.00
2010-11-08,13202.31,0.0000,32.0231,32.0231,13202.31,10995.68,0,0.00,0,0.00
2010-11-09,13202.31,0.0000,32.0231,32.0231,13202.31,11050.20,0,0.00,0,0.00
2010-11-10,13194.52,-0.0591,31.9452,31.9452,6628.16,10982.31,123,0.00,0,0.00
2010-11-11,13086.89,-0.8157,30.8689,30.8689,6628.16,10802.30,123,6458.73,0,0.00
2010-11-14,13062.91,-0.1833,30.6291,30.6291,6628.16,10762.19,123,6434.74,0,0.00
2010-11-15,12956.51,-0.8145,29.5651,29.5651,6628.16,10584.24,123,6328.35,0,0.00
2010-11-16,12974.96,0.1424,29.7496,29.7496,6628.16,10615.10,123,6346.80,0,0.00
2010-11-17,13077.05,0.7868,30.7705,30.7705,6628.16,10785.85,123,6448.89,0,0.00
2010-11-18,13081.97,0.0376,30.8197,30.8197,6628.16,10794.08,123,6453.81,0,0.00
2010-11-21,13136.09,0.4137,31.3609,31.3609,6628.16,10884.59,123,6507.93,0,0.00
2010-11-22,13032.77,-0.7865,30.3277,30.3277,6628.16,10711.79,123,6404.61,0,0.00
2010-11-23,13161.92,0.9910,31.6192,31.6192,6628.16,10927.79,123,6533.76,0,0.00
2010-11-25,13118.87,-0.3271,31.1887,31.1887,6628.16,10855.79,123,6490.71,0,0.00
2010-11-28,13113.95,-0.0375,31.1395,31.1395,6628.16,10847.56,123,6485.79,0,0.00
2010-11-29,13034.62,-0.6050,30.3462,30.3462,6628.16,10714.87,123,6406.46,0,0.00
2010-11-30,13170.53,1.0427,31.7053,31.7053,6628.16,10942.19,123,6542.37,0,0.00
2010-12-01,13236.95,0.5043,32.3695,32.3695,6628.16,11053.28,123,6608.79,0,0.00
2010-12-02,13081.30,-1.1759,30.8130,30.8130,1767.54,11082.08,0,0.00,15370,0.00
2010-12-05,13172.55,0.6976,31.7255,31.7255,1767.54,11076.94,0,0.00,15370,11405.02
2010-12-06,13150.15,-0.1701,31.5015,31.5015,1767.54,11084.14,0,0.00,15370,11382.61
2010-12-07,13142.94,-0.0548,31.4294,31.4294,1767.54,11125.28,0,0.00,15370,11375.40
2010-12-08,13319.06,1.3401,33.1906,33.1906,1767.54,11136.60,0,0.00,15370,11551.52
2010-12-09,13335.86,0.1261,33.3586,33.3586,1767.54,11210.66,0,0.00,15370,11568.32
2010-12-12,13552.81,1.6268,35.5281,35.5281,1767.54,11170.54,0,0.00,15370,11785.27
2010-12-13,13425.53,-0.9391,34.2553,34.2553,1767.54,11190.08,0,0.00,15370,11657.99
2010-12-14,13505.58,0.5962,35.0558,35.0558,1767.54,11141.74,0,0.00,15370,11738.04
2010-12-15,13346.27,-1.1796,33.4627,33.4627,1767.54,11228.14,0,0.00,15370,11578.73
2010-12-16,13592.03,1.8415,35.9203,35.9203,1767.54,11215.80,0,0.00,15370,11824.49
2010-12-19,13597.63,0.0412,35.9763,35.9763,1767.54,11224.03,0,0.00,15370,11830.09
2010-12-20,13669.68,0.5299,36.6968,36.6968,1767.54,11291.92,0,0.00,15370,11902.14
2010-12-21,13854.60,1.3527,38.5460,38.5460,1767.54,11290.89,0,0.00,15370,12087.06
2010-12-22,13875.41,0.1502,38.7541,38.7541,1767.54,11261.47,0,0.00,15370,12107.87
2010-12-26,13609.61,-1.9156,36.0961,36.0961,6818.13,11267.23,124,0.00,0,0.00
2010-12-27,13597.21,-0.0911,35.9721,35.9721,6818.13,11246.66,124,6779.08,0,0.00
2010-12-28,13612.09,0.1094,36.1209,36.1209,6818.13,11271.34,124,6793.96,0,0.00
2010-12-29,13595.97,-0.1184,35.9597,35.9597,6818.13,11244.60,124,6777.84,0,0.00
2010-12-30,13571.17,-0.1824,35.7117,35.7117,6818.13,11203.46,124,6753.04,0,0.00
2011-01-02,13676.57,0.7766,36.7657,36.7657,6818.13,11378.32,124,6858.44,0,0.00
2011-01-03,13670.99,-0.0408,36.7099,36.7099,6818.13,11369.06,124,6852.86,0,0.00
2011-01-04,13721.74,0.3712,37.2174,37.2174,13721.74,11466.78,0,0.00,0,0.00
2011-01-05,13721.74,0.0000,37.2174,37.2174,13721.74,11503.81,0,0.00,0,0.00
2011-01-06,13721.74,0.0000,37.2174,37.2174,13721.74,11493.52,0,0.00,0,0.00
2011-01-09,13721.74,0.0000,37.2174,37.2174,13721.74,11536.72,0,0.00,0,0.00
2011-01-10,13721.74,0.0000,37.2174,37.2174,13721.74,11553.18,0,0.00,0,0.00
2011-01-11,13721.74,0.0000,37.2174,37.2174,13721.74,11634.44,0,0.00,0,0.00
2011-01-12,13721.74,0.0000,37.2174,37.2174,13721.74,11638.55,0,0.00,0,0.00
2011-01-13,13721.74,0.0000,37.2174,37.2174,13721.74,11725.98,0,0.00,0,0.00
2011-01-17,13721.74,0.0000,37.2174,37.2174,13721.74,11758.90,0,0.00,0,0.00
2011-01-18,13721.74,0.0000,37.2174,37.2174,13721.74,11625.18,0,0.00,0,0.00
2011-01-19,13721.74,0.0000,37.2174,37.2174,13721.74,11542.89,0,0.00,0,0.00
2011-01-20,13713.66,-0.0589,37.1366,37.1366,6865.02,11454.43,123,0.00,0,0.00
2011-01-23,13808.37,0.6906,38.0837,38.0837,6865.02,11612.84,123,6943.35,0,0.00
2011-01-24,13818.52,0.0735,38.1852,38.1852,6865.02,11629.81,123,6953.50,0,0.00
2011-01-25,13855.11,0.2648,38.5511,38.5511,6865.02,11691.01,123,6990.09,0,0.00
2011-01-26,13898.16,0.3107,38.9816,38.9816,6865.02,11763.01,123,7033.14,0,0.00
2011-01-27,13719.81,-1.2833,37.1981,37.1981,6865.02,11464.72,123,6854.79,0,0.00
2011-01-30,13753.02,0.2421,37.5302,37.5302,6865.02,11520.26,123,6888.00,0,0.00
2011-01-31,13882.17,0.9391,38.8217,38.8217,6865.02,11736.27,123,7017.15,0,0.00
2011-02-01,13870.49,-0.0842,38.7049,38.7049,6865.02,11716.72,123,7005.46,0,0.00
2011-02-02,13883.09,0.0909,38.8309,38.8309,6865.02,11737.81,123,7018.07,0,0.00
2011-02-03,13922.15,0.2813,39.2215,39.2215,6865.02,11803.13,123,7057.12,0,0.00
2011-02-06,13947.65,0.1832,39.4765,39.4765,13947.65,11859.70,0,0.00,0,0.00
2011-02-07,13947.65,0.0000,39.4765,39.4765,13947.65,11936.84,0,0.00,0,0.00
2011-02-08,13947.65,0.0000,39.4765,39.4765,13947.65,11917.30,0,0.00,0,0.00
2011-02-09,13947.65,0.0000,39.4765,39.4765,13947.65,11936.02,0,0.00,0,0.00
2011-02-10,13947.65,0.0000,39.4765,39.4765,13947.65,12022.22,0,0.00,0,0.00
2011-02-13,13947.65,0.0000,39.4765,39.4765,13947.65,12051.02,0,0.00,0,0.00
2011-02-14,13947.65,0.0000,39.4765,39.4765,13947.65,12034.56,0,0.00,0,0.00
2011-02-15,13947.65,0.0000,39.4765,39.4765,13947.65,12112.94,0,0.00,0,0.00
2011-02-16,13947.65,0.0000,39.4765,39.4765,13947.65,12108.62,0,0.00,0,0.00
2011-02-17,13947.65,0.0000,39.4765,39.4765,13947.65,12081.88,0,0.00,0,0.00
2011-02-21,13939.47,-0.0586,39.3947,39.3947,6981.81,11732.15,122,0.00,0,0.00
2011-02-22,13882.13,-0.4113,38.8213,38.8213,6981.81,11635.47,122,6900.32,0,0.00
2011-02-23,13918.12,0.2593,39.1812,39.1812,6981.81,11696.15,122,6936.31,0,0.00
2011-02-24,14015.11,0.6969,40.1511,40.1511,6981.81,11859.70,122,7033.30,0,0.00
2011-02-27,14029.75,0.1045,40.2975,40.2975,6981.81,11884.39,122,7047.94,0,0.00
2011-02-28,13916.29,-0.8087,39.1629,39.1629,6981.81,11693.07,122,6934.48,0,0.00
2011-03-01,13952.89,0.2630,39.5289,39.5289,6981.81,11754.78,122,6971.08,0,0.00
2011-03-02,14090.14,0.9837,40.9014,40.9014,6981.81,11986.22,122,7108.33,0,0.00
2011-03-03,14053.85,-0.2576,40.5385,40.5385,6981.81,11925.02,122,7072.04,0,0.00
2011-03-06,13958.99,-0.6749,39.5899,39.5899,6981.81,11765.07,122,6977.18,0,0.00
2011-03-07,13987.05,0.2010,39.8705,39.8705,6981.81,11812.38,122,7005.24,0,0.00
2011-03-08,13939.47,-0.3402,39.3947,39.3947,6981.81,11732.15,122,6957.66,0,0.00
2011-03-09,13822.82,-0.8368,38.2282,38.2282,13822.82,11549.06,0,0.00,0,0.00
2011-03-10,13814.71,-0.0587,38.1471,38.1471,6922.93,11621.07,122,0.00,0,0.00
2011-03-13,13790.31,-0.1766,37.9031,37.9031,6922.93,11579.92,122,6867.38,0,0.00
2011-03-14,13684.72,-0.7657,36.8472,36.8472,13684.72,11415.35,0,0.00,0,0.00
2011-03-15,13684.72,0.0000,36.8472,36.8472,13684.72,11139.68,0,0.00,0,0.00
2011-03-16,13684.72,0.0000,36.8472,36.8472,13684.72,11242.54,0,0.00,0,0.00
2011-03-17,13684.72,0.0000,36.8472,36.8472,13684.72,11201.40,0,0.00,0,0.00
2011-03-20,13684.72,0.0000,36.8472,36.8472,13684.72,11417.40,0,0.00,0,0.00
2011-03-21,13684.72,0.0000,36.8472,36.8472,13684.72,11395.80,0,0.00,0,0.00
2011-03-22,13684.72,0.0000,36.8472,36.8472,13684.72,11460.60,0,0.00,0,0.00
2011-03-23,13676.72,-0.0585,36.7672,36.7672,6872.72,11664.27,120,0.00,0,0.00
2011-03-24,13547.96,-0.9415,35.4796,35.4796,2718.21,11693.07,0,0.00,12671,0.00
2011-03-27,13608.66,0.4481,36.0866,36.0866,2718.21,11629.29,0,0.00,12671,10890.46
2011-03-28,13421.25,-1.3772,34.2125,34.2125,2718.21,11742.44,0,0.00,12671,10703.04
2011-03-29,13734.06,2.3307,37.3406,37.3406,2718.21,11797.98,0,0.00,12671,11015.85
2011-03-30,13891.13,1.1437,38.9113,38.9113,2718.21,11814.44,0,0.00,12671,11172.92
2011-03-31,13928.07,0.2660,39.2807,39.2807,2718.21,11820.61,0,0.00,12671,11209.87
2011-04-03,13980.87,0.3791,39.8087,39.8087,2718.21,11781.53,0,0.00,12671,11262.67
2011-04-04,13862.08,-0.8497,38.6208,38.6208,2718.21,11750.67,0,0.00,12671,11143.88
2011-04-05,13764.42,-0.7046,37.6442,37.6442,2718.21,11779.47,0,0.00,12671,11046.21
2011-04-06,13827.77,0.4603,38.2777,38.2777,2718.21,11771.24,0,0.00,12671,11109.57
2011-04-07,13834.37,0.0477,38.3437,38.3437,2718.21,11715.70,0,0.00,12671,11116.17
2011-04-10,13666.73,-1.2117,36.6673,36.6673,2718.21,11676.61,0,0.00,12671,10948.53
2011-04-11,13434.15,-1.7018,34.3415,34.3415,13434.15,11596.38,0,0.00,0,0.00
2011-04-12,13434.15,0.0000,34.3415,34.3415,13434.15,11695.12,0,0.00,0,0.00
2011-04-13,13426.28,-0.0586,34.2628,34.2628,6729.78,11674.55,118,0.00,0,0.00
2011-04-14,13414.48,-0.0879,34.1448,34.1448,6729.78,11653.98,118,6684.70,0,0.00
2011-04-17,13359.46,-0.4101,33.5946,33.5946,13359.46,11571.69,0,0.00,0,0.00
2011-04-18,13351.67,-0.0583,33.5167,33.5167,6729.47,11643.69,117,0.00,0,0.00
2011-04-19,13320.88,-0.2306,33.2088,33.2088,113.18,11905.99,0,0.00,15881,0.00
2011-04-20,14463.98,8.5813,44.6398,44.6398,113.18,12001.65,0,0.00,15881,14350.80
2011-04-24,14819.65,2.4590,48.1965,48.1965,113.18,12032.50,0,0.00,15881,14706.47
2011-04-25,14935.44,0.7813,49.3544,49.3544,113.18,12100.39,0,0.00,15881,14822.26
2011-04-26,15167.05,1.5507,51.6705,51.6705,113.18,12182.68,0,0.00,15881,15053.87
2011-04-27,15494.59,2.1596,54.9459,54.9459,113.18,12164.16,0,0.00,15881,15381.42
2011-04-28,15428.42,-0.4271,54.2842,54.2842,113.18,12153.88,0,0.00,15881,15315.24
2011-05-01,15324.19,-0.6756,53.2419,53.2419,113.18,12131.25,0,0.00,15881,15211.01
2011-05-02,15317.58,-0.0431,53.1758,53.1758,113.18,12073.65,0,0.00,15881,15204.41
2011-05-03,15099.22,-1.4256,50.9922,50.9922,113.18,12055.13,0,0.00,15881,14986.04
2011-05-04,15016.51,-0.5478,50.1651,50.1651,113.18,11989.30,0,0.00,15881,14903.33
2011-05-05,14784.90,-1.5424,47.8490,47.8490,113.18,12028.39,0,0.00,15881,14671.73
2011-05-08,14749.92,-0.2366,47.4992,47.4992,7413.67,12073.65,125,0.00,0,0.00
2011-05-09,14803.77,0.3651,48.0377,48.0377,14803.77,12176.51,0,0.00,0,0.00
2011-05-10,14795.18,-0.0581,47.9518,47.9518,7450.80,12087.02,125,0.00,0,0.00
2011-05-11,14830.91,0.2415,48.3091,48.3091,14830.91,12160.05,0,0.00,0,0.00
2011-05-12,14822.29,-0.0581,48.2229,48.2229,7462.63,12016.05,126,0.00,0,0.00
2011-05-15,14686.42,-0.9167,46.8642,46.8642,14686.42,11808.06,0,0.00,0,0.00
2011-05-16,14677.84,-0.0584,46.7784,46.7784,7367.72,11841.18,127,0.00,0,0.00
2011-05-17,14738.80,0.4153,47.3880,47.3880,7367.72,11939.93,127,7371.08,0,0.00
2011-05-18,14760.39,0.1465,47.6039,47.6039,7367.72,11974.90,127,7392.67,0,0.00
2011-05-19,14703.87,-0.3829,47.0387,47.0387,7367.72,11883.36,127,7336.16,0,0.00
2011-05-22,14588.06,-0.7876,45.8806,45.8806,14588.06,11709.52,0,0.00,0,0.00
2011-05-23,14588.06,0.0000,45.8806,45.8806,14588.06,11637.52,0,0.00,0,0.00
2011-05-24,14588.06,0.0000,45.8806,45.8806,14588.06,11682.78,0,0.00,0,0.00
2011-05-25,14588.06,0.0000,45.8806,45.8806,14588.06,11755.09,0,0.00,0,0.00
2011-05-26,14588.06,0.0000,45.8806,45.8806,14588.06,11814.44,0,0.00,0,0.00
2011-05-30,14579.58,-0.0581,45.7958,45.7958,7342.94,12005.76,124,0.00,0,0.00
2011-05-31,14413.78,-1.1372,44.1378,44.1378,14413.78,11744.50,0,0.00,0,0.00
2011-06-01,14413.78,0.0000,44.1378,44.1378,14413.78,11769.18,0,0.00,0,0.00
2011-06-02,14413.78,0.0000,44.1378,44.1378,14413.78,11592.26,0,0.00,0,0.00
2011-06-05,14413.78,0.0000,44.1378,44.1378,14413.78,11497.63,0,0.00,0,0.00
2011-06-06,14413.78,0.0000,44.1378,44.1378,14413.78,11477.06,0,0.00,0,0.00
2011-06-07,14413.78,0.0000,44.1378,44.1378,14413.78,11394.77,0,0.00,0,0.00
2011-06-08,14413.78,0.0000,44.1378,44.1378,14413.78,11414.32,0,0.00,0,0.00
2011-06-09,14413.78,0.0000,44.1378,44.1378,14413.78,11240.49,0,0.00,0,0.00
2011-06-12,14413.78,0.0000,44.1378,44.1378,14413.78,11240.49,0,0.00,0,0.00
2011-06-13,14413.78,0.0000,44.1378,44.1378,14413.78,11384.49,0,0.00,0,0.00
2011-06-14,14413.78,0.0000,44.1378,44.1378,14413.78,11168.48,0,0.00,0,0.00
2011-06-15,14413.78,0.0000,44.1378,44.1378,14413.78,11125.28,0,0.00,0,0.00
2011-06-16,14413.78,0.0000,44.1378,44.1378,14413.78,11065.62,0,0.00,0,0.00
2011-06-19,14413.78,0.0000,44.1378,44.1378,14413.78,11123.23,0,0.00,0,0.00
2011-06-20,14413.78,0.0000,44.1378,44.1378,14413.78,11361.86,0,0.00,0,0.00
2011-06-21,14413.78,0.0000,44.1378,44.1378,14413.78,11279.78,0,0.00,0,0.00
2011-06-22,14413.78,0.0000,44.1378,44.1378,14413.78,11384.49,0,0.00,0,0.00
2011-06-23,14413.78,0.0000,44.1378,44.1378,14413.78,11187.00,0,0.00,0,0.00
2011-06-26,14413.78,0.0000,44.1378,44.1378,14413.78,11364.95,0,0.00,0,0.00
2011-06-27,14413.78,0.0000,44.1378,44.1378,14413.78,11534.66,0,0.00,0,0.00
2011-06-28,14413.78,0.0000,44.1378,44.1378,14413.78,11581.98,0,0.00,0,0.00
2011-06-29,14413.78,0.0000,44.1378,44.1378,14413.78,11736.27,0,0.00,0,0.00
2011-06-30,14413.78,0.0000,44.1378,44.1378,14413.78,11913.19,0,0.00,0,0.00
2011-07-04,14413.78,0.0000,44.1378,44.1378,14413.78,11972.85,0,0.00,0,0.00
2011-07-05,14413.78,0.0000,44.1378,44.1378,14413.78,12011.93,0,0.00,0,0.00
2011-07-06,14413.78,0.0000,44.1378,44.1378,14413.78,12176.51,0,0.00,0,0.00
2011-07-07,14413.78,0.0000,44.1378,44.1378,14413.78,12143.59,0,0.00,0,0.00
2011-07-10,14413.78,0.0000,44.1378,44.1378,14413.78,11923.47,0,0.00,0,0.00
2011-07-11,14413.78,0.0000,44.1378,44.1378,14413.78,11832.96,0,0.00,0,0.00
2011-07-12,14413.78,0.0000,44.1378,44.1378,14413.78,11882.33,0,0.00,0,0.00
2011-07-13,14413.78,0.0000,44.1378,44.1378,14413.78,11744.50,0,0.00,0,0.00
2011-07-14,14413.78,0.0000,44.1378,44.1378,14413.78,11900.84,0,0.00,0,0.00
2011-07-17,14413.78,0.0000,44.1378,44.1378,14413.78,11837.07,0,0.00,0,0.00
2011-07-18,14413.78,0.0000,44.1378,44.1378,14413.78,12106.56,0,0.00,0,0.00
2011-07-19,14413.78,0.0000,44.1378,44.1378,14413.78,12055.13,0,0.00,0,0.00
2011-07-20,14413.78,0.0000,44.1378,44.1378,14413.78,12135.36,0,0.00,0,0.00
2011-07-21,14413.78,0.0000,44.1378,44.1378,14413.78,12260.85,0,0.00,0,0.00
2011-07-24,14413.78,0.0000,44.1378,44.1378,14413.78,12236.17,0,0.00,0,0.00
2011-07-25,14413.78,0.0000,44.1378,44.1378,14413.78,12265.99,0,0.00,0,0.00
2011-07-26,14413.78,0.0000,44.1378,44.1378,14413.78,11950.22,0,0.00,0,0.00
2011-07-27,14405.39,-0.0582,44.0539,44.0539,7248.02,11970.79,123,0.00,0,0.00
2011-07-28,14382.02,-0.1622,43.8202,43.8202,7248.02,11931.70,123,7134.00,0,0.00
2011-07-31,14348.81,-0.2309,43.4881,43.4881,7248.02,11876.16,123,7100.79,0,0.00
2011-08-01,14161.08,-1.3083,41.6108,41.6108,14161.08,11575.81,0,0.00,0,0.00
2011-08-02,14161.08,0.0000,41.6108,41.6108,14161.08,11686.90,0,0.00,0,0.00
2011-08-03,14161.08,0.0000,41.6108,41.6108,14161.08,11143.80,0,0.00,0,0.00
2011-08-04,14161.08,0.0000,41.6108,41.6108,14161.08,11073.85,0,0.00,0,0.00
2011-08-07,14161.08,0.0000,41.6108,41.6108,14161.08,10407.32,0,0.00,0,0.00
2011-08-08,14161.08,0.0000,41.6108,41.6108,14161.08,10909.28,0,0.00,0,0.00
2011-08-09,14161.08,0.0000,41.6108,41.6108,14161.08,10462.87,0,0.00,0,0.00
2011-08-10,14161.08,0.0000,41.6108,41.6108,14161.08,10923.68,0,0.00,0,0.00
2011-08-11,14161.08,0.0000,41.6108,41.6108,14161.08,11020.37,0,0.00,0,0.00
2011-08-14,14161.08,0.0000,41.6108,41.6108,14161.08,11180.83,0,0.00,0,0.00
2011-08-15,14161.08,0.0000,41.6108,41.6108,14161.08,11088.25,0,0.00,0,0.00
2011-08-16,14161.08,0.0000,41.6108,41.6108,14161.08,11022.42,0,0.00,0,0.00
2011-08-17,14161.08,0.0000,41.6108,41.6108,14161.08,10481.38,0,0.00,0,0.00
2011-08-18,14161.08,0.0000,41.6108,41.6108,14161.08,10292.12,0,0.00,0,0.00
2011-08-21,14161.08,0.0000,41.6108,41.6108,14161.08,10329.15,0,0.00,0,0.00
2011-08-22,14161.08,0.0000,41.6108,41.6108,14161.08,10754.99,0,0.00,0,0.00
2011-08-23,14161.08,0.0000,41.6108,41.6108,14161.08,10839.33,0,0.00,0,0.00
2011-08-24,14161.08,0.0000,41.6108,41.6108,14161.08,10662.42,0,0.00,0,0.00
2011-08-25,14161.08,0.0000,41.6108,41.6108,14161.08,10929.85,0,0.00,0,0.00
2011-08-28,14161.08,0.0000,41.6108,41.6108,14161.08,11234.31,0,0.00,0,0.00
2011-08-29,14161.08,0.0000,41.6108,41.6108,14161.08,11308.37,0,0.00,0,0.00
2011-08-30,14161.08,0.0000,41.6108,41.6108,14161.08,11326.89,0,0.00,0,0.00
2011-08-31,14161.08,0.0000,41.6108,41.6108,14161.08,11224.03,0,0.00,0,0.00
2011-09-01,14161.08,0.0000,41.6108,41.6108,14161.08,10960.71,0,0.00,0,0.00
2011-09-05,14161.08,0.0000,41.6108,41.6108,14161.08,10962.76,0,0.00,0,0.00
2011-09-06,14161.08,0.0000,41.6108,41.6108,14161.08,11240.49,0,0.00,0,0.00
2011-09-07,14161.08,0.0000,41.6108,41.6108,14161.08,11189.06,0,0.00,0,0.00
2011-09-08,14161.08,0.0000,41.6108,41.6108,14161.08,10940.14,0,0.00,0,0.00
2011-09-11,14161.08,0.0000,41.6108,41.6108,14161.08,11080.02,0,0.00,0,0.00
2011-09-12,14161.08,0.0000,41.6108,41.6108,14161.08,11226.09,0,0.00,0,0.00
2011-09-13,14039.53,-0.8583,40.3953,40.3953,6138.49,11388.60,0,0.00,11365,0.00
2011-09-14,14381.67,2.4370,43.8167,43.8167,6138.49,11557.29,0,0.00,11365,8243.18
2011-09-15,14753.40,2.5847,47.5340,47.5340,6138.49,11641.64,0,0.00,11365,8614.91
2011-09-18,14973.60,1.4925,49.7360,49.7360,6138.49,11645.75,0,0.00,11365,8835.11
2011-09-19,15003.19,0.1976,50.0319,50.0319,6138.49,11594.32,0,0.00,11365,8864.70
2011-09-20,14856.39,-0.9785,48.5639,48.5639,6138.49,11392.72,0,0.00,11365,8717.90
2011-09-21,14303.54,-3.7213,43.0354,43.0354,14303.54,11022.42,0,0.00,0,0.00
2011-09-22,14303.54,0.0000,43.0354,43.0354,14303.54,11139.68,0,0.00,0,0.00
2011-09-25,14303.54,0.0000,43.0354,43.0354,14303.54,11269.29,0,0.00,0,0.00
2011-09-26,14194.03,-0.7656,41.9403,41.9403,7001.78,11386.55,0,0.00,10232,0.00
2011-09-27,14272.97,0.5562,42.7297,42.7297,14272.97,11217.86,0,0.00,0,0.00
2011-09-28,14272.97,0.0000,42.7297,42.7297,14272.97,11084.14,0,0.00,0,0.00
2011-09-29,14272.97,0.0000,42.7297,42.7297,14272.97,10798.19,0,0.00,0,0.00
2011-10-02,14272.97,0.0000,42.7297,42.7297,14272.97,10520.47,0,0.00,0,0.00
2011-10-03,14272.97,0.0000,42.7297,42.7297,14272.97,10736.47,0,0.00,0,0.00
2011-10-04,14272.97,0.0000,42.7297,42.7297,14272.97,11012.14,0,0.00,0,0.00
2011-10-05,14272.97,0.0000,42.7297,42.7297,14272.97,11197.28,0,0.00,0,0.00
2011-10-06,14272.97,0.0000,42.7297,42.7297,14272.97,11123.23,0,0.00,0,0.00
2011-10-09,14168.80,-0.7298,41.6880,41.6880,7648.63,11507.92,0,0.00,9765,0.00
2011-10-10,14168.80,0.0000,41.6880,41.6880,7648.63,11586.09,0,0.00,9765,6520.17
2011-10-11,14995.78,5.8366,49.9578,49.9578,7648.63,11643.69,0,0.00,9765,7347.15
2011-10-12,15112.76,0.7801,51.1276,51.1276,7648.63,11750.67,0,0.00,9765,7464.12
2011-10-13,15303.98,1.2653,53.0398,53.0398,7648.63,11968.73,0,0.00,9765,7655.35
2011-10-16,15303.98,0.0000,53.0398,53.0398,7648.63,11783.58,0,0.00,9765,7655.35
2011-10-17,15362.98,0.3855,53.6298,53.6298,7648.63,11929.64,0,0.00,9765,7714.35
2011-10-18,15663.05,1.9532,56.6305,56.6305,7648.63,11699.24,0,0.00,9765,8014.42
2011-10-19,15175.82,-3.1107,51.7582,51.7582,7648.63,11641.64,0,0.00,9765,7527.18
2011-10-20,15072.06,-0.6837,50.7206,50.7206,7648.63,11787.70,0,0.00,9765,7423.43
2011-10-23,15357.90,1.8964,53.5790,53.5790,7648.63,12032.50,0,0.00,9765,7709.26
2011-10-24,15838.01,3.1262,58.3801,58.3801,7648.63,11795.93,0,0.00,9765,8189.38
2011-10-25,15337.56,-3.1598,53.3756,53.3756,7648.63,11781.53,0,0.00,9765,7688.92
2011-10-26,15326.37,-0.0730,53.2637,53.2637,7648.63,12106.56,0,0.00,9765,7677.73
2011-10-27,15967.19,4.1812,59.6719,59.6719,7648.63,12125.08,0,0.00,9765,8318.56
2011-10-30,15983.47,0.1019,59.8347,59.8347,7648.63,11921.42,0,0.00,9765,8334.84
2011-10-31,15438.61,-3.4089,54.3861,54.3861,7762.77,11610.78,136,0.00,0,0.00
2011-11-01,15503.89,0.4228,55.0389,55.0389,7762.77,11709.52,136,7741.12,0,0.00
2011-11-02,15664.37,1.0351,56.6437,56.6437,7762.77,11952.27,136,7901.60,0,0.00
2011-11-03,15623.57,-0.2605,56.2357,56.2357,7762.77,11890.56,136,7860.80,0,0.00
2011-11-06,15679.33,0.3569,56.7933,56.7933,7762.77,11974.90,136,7916.56,0,0.00
2011-11-07,15770.45,0.5811,57.7045,57.7045,7762.77,12112.73,136,8007.68,0,0.00
2011-11-08,15488.93,-1.7851,54.8893,54.8893,7762.77,11686.90,136,7726.16,0,0.00
2011-11-09,15484.85,-0.0263,54.8485,54.8485,7762.77,11680.72,136,7722.08,0,0.00
2011-11-10,15630.37,0.9398,56.3037,56.3037,7762.77,11900.84,136,7867.60,0,0.00
2011-11-13,15581.41,-0.3132,55.8141,55.8141,7762.77,11826.78,136,7818.64,0,0.00
2011-11-14,15668.45,0.5586,56.6845,56.6845,7762.77,11958.44,136,7905.68,0,0.00
2011-11-15,15537.89,-0.8333,55.3789,55.3789,7762.77,11760.95,136,7775.12,0,0.00
2011-11-16,15346.69,-1.2305,53.4669,53.4669,15346.69,11485.29,0,0.00,0,0.00
2011-11-17,15346.69,0.0000,53.4669,53.4669,15346.69,11396.83,0,0.00,0,0.00
2011-11-20,15346.69,0.0000,53.4669,53.4669,15346.69,11178.77,0,0.00,0,0.00
2011-11-21,15346.69,0.0000,53.4669,53.4669,15346.69,11215.80,0,0.00,0,0.00
2011-11-22,15346.69,0.0000,53.4669,53.4669,15346.69,10962.76,0,0.00,0,0.00
2011-11-24,15346.69,0.0000,53.4669,53.4669,15346.69,10878.42,0,0.00,0,0.00
2011-11-27,15346.69,0.0000,53.4669,53.4669,15346.69,11256.94,0,0.00,0,0.00
2011-11-28,15346.69,0.0000,53.4669,53.4669,15346.69,11187.00,0,0.00,0,0.00
2011-11-29,15337.66,-0.0588,53.3766,53.3766,7668.62,11600.49,136,0.00,0,0.00
2011-11-30,15390.70,0.3458,53.9070,53.9070,7668.62,11680.72,136,7722.08,0,0.00
2011-12-01,15240.22,-0.9778,52.4022,52.4022,6944.31,11647.81,0,0.00,11137,0.00
2011-12-04,15162.49,-0.5100,51.6249,51.6249,6944.31,11775.35,0,0.00,11137,8218.18
2011-12-05,15429.31,1.7597,54.2931,54.2931,6944.31,11742.44,0,0.00,11137,8485.00
2011-12-06,15368.98,-0.3910,53.6898,53.6898,6944.31,11742.44,0,0.00,11137,8424.67
2011-12-07,15359.71,-0.0604,53.5971,53.5971,6944.31,11544.95,0,0.00,11137,8415.40
2011-12-08,14946.71,-2.6888,49.4671,49.4671,6944.31,11730.10,0,0.00,11137,8002.40
2011-12-11,15324.90,2.5303,53.2490,53.2490,6944.31,11598.44,0,0.00,11137,8380.59
2011-12-12,14917.74,-2.6569,49.1774,49.1774,14917.74,11470.89,0,0.00,0,0.00
2011-12-13,14917.74,0.0000,49.1774,49.1774,14917.74,11291.92,0,0.00,0,0.00
2011-12-14,14917.74,0.0000,49.1774,49.1774,14917.74,11261.06,0,0.00,0,0.00
2011-12-15,14917.74,0.0000,49.1774,49.1774,14917.74,11285.74,0,0.00,0,0.00
2011-12-18,14917.74,0.0000,49.1774,49.1774,14917.74,11174.66,0,0.00,0,0.00
2011-12-19,14908.97,-0.0588,49.0897,49.0897,7470.28,11505.86,133,0.00,0,0.00
2011-12-20,14793.91,-0.7718,47.9391,47.9391,14793.91,11341.29,0,0.00,0,0.00
2011-12-21,14785.18,-0.0590,47.8518,47.8518,7390.38,11437.98,133,0.00,0,0.00
2011-12-22,14677.44,-0.7287,46.7744,46.7744,4038.04,11536.72,0,0.00,15215,0.00
2011-12-26,14677.44,0.0000,46.7744,46.7744,4038.04,11569.64,0,0.00,15215,10639.41
2011-12-27,14885.15,1.4151,48.8515,48.8515,14885.15,11435.92,0,0.00,0,0.00
2011-12-28,14708.64,-1.1858,47.0864,47.0864,3177.23,11518.21,0,0.00,16498,0.00
2011-12-29,14803.40,0.6442,48.0340,48.0340,14803.40,11485.29,0,0.00,0,0.00
2012-01-02,14612.51,-1.2895,46.1251,46.1251,1977.19,11705.41,0,0.00,17825,0.00
2012-01-03,15347.79,5.0319,53.4779,53.4779,1977.19,11754.78,0,0.00,17825,13370.60
2012-01-04,15483.33,0.8831,54.8333,54.8333,1977.19,11851.47,0,0.00,17825,13506.15
2012-01-05,15819.42,2.1707,58.1942,58.1942,1977.19,11892.61,0,0.00,17825,13842.24
2012-01-08,15945.68,0.7981,59.4568,59.4568,1977.19,11853.53,0,0.00,17825,13968.49
2012-01-09,15850.97,-0.5939,58.5097,58.5097,1977.19,11939.93,0,0.00,17825,13873.79
2012-01-10,16146.21,1.8626,61.4621,61.4621,1977.19,11964.62,0,0.00,17825,14169.02
2012-01-11,16231.61,0.5289,62.3161,62.3161,1977.19,12011.93,0,0.00,17825,14254.42
2012-01-12,16408.01,1.0867,64.0801,64.0801,1977.19,11968.73,0,0.00,17825,14430.82
2012-01-16,16226.05,-1.1090,62.2605,62.2605,1977.19,12077.76,0,0.00,17825,14248.86
2012-01-17,16606.68,2.3458,66.0668,66.0668,1977.19,12238.22,0,0.00,17825,14629.49
2012-01-18,16606.68,0.0000,66.0668,66.0668,1977.19,12314.34,0,0.00,17825,14629.49
2012-01-19,17501.66,5.3892,75.0166,75.0166,1977.19,12295.82,0,0.00,17825,15524.47
2012-01-22,17414.39,-0.4986,74.1439,74.1439,1977.19,12299.94,0,0.00,17825,15437.20
2012-01-23,17416.24,0.0106,74.1624,74.1624,1977.19,12277.31,0,0.00,17825,15439.05
2012-01-24,17351.25,-0.3732,73.5125,73.5125,1977.19,12431.60,0,0.00,17825,15374.06
2012-01-25,17949.14,3.4458,79.4914,79.4914,1977.19,12388.40,0,0.00,17825,15971.95
2012-01-26,17739.32,-1.1690,77.3932,77.3932,1977.19,12425.43,0,0.00,17825,15762.13
2012-01-29,17874.86,0.7641,78.7486,78.7486,1977.19,12435.71,0,0.00,17825,15897.67
2012-01-30,17943.56,0.3843,79.4356,79.4356,1977.19,12452.17,0,0.00,17825,15966.37
2012-01-31,17993.70,0.2794,79.9370,79.9370,1977.19,12552.97,0,0.00,17825,16016.51
2012-02-01,18387.33,2.1876,83.8733,83.8733,1977.19,12592.06,0,0.00,17825,16410.14
2012-02-02,18537.74,0.8180,85.3774,85.3774,1977.19,12764.86,0,0.00,17825,16560.55
2012-02-05,19219.17,3.6759,92.1917,92.1917,1977.19,12754.58,0,0.00,17825,17241.98
2012-02-06,19202.45,-0.0870,92.0245,92.0245,1977.19,12781.32,0,0.00,17825,17225.26
2012-02-07,19280.43,0.4061,92.8043,92.8043,1977.19,12849.21,0,0.00,17825,17303.24
2012-02-08,19280.43,0.0000,92.8043,92.8043,1977.19,12941.78,0,0.00,17825,17303.24
2012-02-09,19939.58,3.4188,99.3958,99.3958,1977.19,12852.29,0,0.00,17825,17962.40
2012-02-12,19586.81,-1.7692,95.8681,95.8681,1977.19,12970.58,0,0.00,17825,17609.62
2012-02-13,20056.57,2.3983,100.5657,100.5657,1977.19,13003.50,0,0.00,17825,18079.38
2012-02-14,20210.68,0.7684,102.1068,102.1068,1977.19,12912.98,0,0.00,17825,18233.50
2012-02-15,19804.04,-2.0120,98.0404,98.0404,1977.19,13089.90,0,0.00,17825,17826.85
2012-02-16,20563.46,3.8347,105.6346,105.6346,1977.19,13048.76,0,0.00,17825,18586.27
2012-02-20,20390.79,-0.8397,103.9079,103.9079,1977.19,13085.78,0,0.00,17825,18413.60
2012-02-21,20314.09,-0.3761,103.1409,103.1409,10182.89,13026.13,160,0.00,0,0.00
2012-02-22,20381.29,0.3308,103.8129,103.8129,10182.89,13112.53,160,10198.40,0,0.00
2012-02-23,20416.49,0.1727,104.1649,104.1649,10182.89,13157.79,160,10233.60,0,0.00
2012-02-26,20430.89,0.0705,104.3089,104.3089,10182.89,13176.30,160,10248.00,0,0.00
2012-02-27,20534.89,0.5090,105.3489,105.3489,10182.89,13310.02,160,10352.00,0,0.00
2012-02-28,20488.49,-0.2260,104.8849,104.8849,10182.89,13250.36,160,10305.60,0,0.00
2012-02-29,20570.09,0.3983,105.7009,105.7009,10182.89,13355.28,160,10387.20,0,0.00
2012-03-01,20562.09,-0.0389,105.6209,105.6209,10182.89,13344.99,160,10379.20,0,0.00
2012-03-04,20454.89,-0.5213,104.5489,104.5489,10182.89,13207.16,160,10272.00,0,0.00
2012-03-05,20354.09,-0.4928,103.5409,103.5409,10182.89,13077.56,160,10171.20,0,0.00
2012-03-06,20432.49,0.3852,104.3249,104.3249,10182.89,13178.36,160,10249.60,0,0.00
2012-03-07,20542.89,0.5403,105.4289,105.4289,10182.89,13320.30,160,10360.00,0,0.00
2012-03-08,20586.09,0.2103,105.8609,105.8609,10182.89,13375.85,160,10403.20,0,0.00
2012-03-11,20590.89,0.0233,105.9089,105.9089,10182.89,13382.02,160,10408.00,0,0.00
2012-03-12,20784.49,0.9402,107.8449,107.8449,10182.89,13630.94,160,10601.60,0,0.00
2012-03-13,20809.06,0.1182,108.0906,108.0906,20809.06,13678.26,0,0.00,0,0.00
2012-03-14,20809.06,0.0000,108.0906,108.0906,20809.06,13717.34,0,0.00,0,0.00
2012-03-15,20809.06,0.0000,108.0906,108.0906,20809.06,13684.43,0,0.00,0,0.00
2012-03-18,20809.06,0.0000,108.0906,108.0906,20809.06,13781.11,0,0.00,0,0.00
2012-03-19,20809.06,0.0000,108.0906,108.0906,20809.06,13805.80,0,0.00,0,0.00
2012-03-20,20809.06,0.0000,108.0906,108.0906,20809.06,13807.86,0,0.00,0,0.00
2012-03-21,20809.06,0.0000,108.0906,108.0906,20809.06,13779.06,0,0.00,0,0.00
2012-03-22,20809.06,0.0000,108.0906,108.0906,20809.06,13770.62,0,0.00,0,0.00
2012-03-25,20809.06,0.0000,108.0906,108.0906,20809.06,14011.52,0,0.00,0,0.00
2012-03-26,20809.06,0.0000,108.0906,108.0906,20809.06,14032.09,0,0.00,0,0.00
2012-03-27,20809.06,0.0000,108.0906,108.0906,20809.06,13976.14,0,0.00,0,0.00
2012-03-28,20809.06,0.0000,108.0906,108.0906,20809.06,13923.06,0,0.00,0,0.00
2012-03-29,20797.11,-0.0574,107.9711,107.9711,10394.41,13896.32,154,0.00,0,0.00
2012-04-01,20904.91,0.5183,109.0491,109.0491,10394.41,14040.32,154,10510.50,0,0.00
2012-04-02,20901.83,-0.0147,109.0183,109.0183,10394.41,14036.21,154,10507.42,0,0.00
2012-04-03,20758.61,-0.6852,107.5861,107.5861,10394.41,13844.89,154,10364.20,0,0.00
2012-04-04,20823.29,0.3116,108.2329,108.2329,10394.41,13931.29,154,10428.88,0,0.00
2012-04-08,20744.75,-0.3772,107.4475,107.4475,10394.41,13826.37,154,10350.34,0,0.00
2012-04-09,20578.43,-0.8017,105.7843,105.7843,10394.41,13604.20,154,10184.02,0,0.00
2012-04-10,20627.71,0.2395,106.2771,106.2771,10394.41,13670.03,154,10233.30,0,0.00
2012-04-11,20743.98,0.5637,107.4398,107.4398,10394.41,13825.34,154,10349.57,0,0.00
2012-04-12,20587.67,-0.7535,105.8767,105.8767,10394.41,13616.54,154,10193.26,0,0.00
2012-04-15,20473.71,-0.5535,104.7371,104.7371,10394.41,13464.31,154,10079.30,0,0.00
2012-04-16,20678.53,1.0004,106.7853,106.7853,10394.41,13737.91,154,10284.12,0,0.00
2012-04-17,20652.35,-0.1266,106.5235,106.5235,10394.41,13702.94,154,10257.94,0,0.00
2012-04-18,20536.85,-0.5593,105.3685,105.3685,10394.41,13548.65,154,10142.44,0,0.00
2012-04-19,20509.13,-0.1350,105.0913,105.0913,10394.41,13511.62,154,10114.72,0,0.00
2012-04-22,20416.73,-0.4505,104.1673,104.1673,10394.41,13388.19,154,10022.32,0,0.00
2012-04-23,20362.83,-0.2640,103.6283,103.6283,10394.41,13316.19,154,9968.42,0,0.00
2012-04-24,20627.71,1.3008,106.2771,106.2771,10394.41,13670.03,154,10233.30,0,0.00
2012-04-25,20687.77,0.2912,106.8777,106.8777,10394.41,13750.26,154,10293.36,0,0.00
2012-04-26,20749.37,0.2978,107.4937,107.4937,10394.41,13832.54,154,10354.96,0,0.00
2012-04-29,20675.45,-0.3563,106.7545,106.7545,10394.41,13733.80,154,10281.04,0,0.00
2012-04-30,20507.80,-0.8109,105.0780,105.0780,2071.39,13756.43,0,0.00,15432,0.00
2012-05-01,20573.71,0.3214,105.7371,105.7371,2071.39,13795.52,0,0.00,15432,18502.32
2012-05-02,20732.86,0.7736,107.3286,107.3286,2071.39,13649.45,0,0.00,15432,18661.47
2012-05-03,19950.98,-3.7712,99.5098,99.5098,9987.18,13310.02,154,0.00,0,0.00
2012-05-06,19960.22,0.0463,99.6022,99.6022,9987.18,13322.36,154,9973.04,0,0.00
2012-05-07,19911.79,-0.2427,99.1179,99.1179,19911.79,13272.99,0,0.00,0,0.00
2012-05-08,19911.79,0.0000,99.1179,99.1179,19911.79,13232.05,0,0.00,0,0.00
2012-05-09,19911.79,0.0000,99.1179,99.1179,19911.79,13205.10,0,0.00,0,0.00
2012-05-10,19911.79,0.0000,99.1179,99.1179,19911.79,13203.04,0,0.00,0,0.00
2012-05-13,19911.79,0.0000,99.1179,99.1179,19911.79,13079.61,0,0.00,0,0.00
2012-05-14,19911.79,0.0000,99.1179,99.1179,19911.79,13036.41,0,0.00,0,0.00
2012-05-15,19911.79,0.0000,99.1179,99.1179,19911.79,12947.95,0,0.00,0,0.00
2012-05-16,19911.79,0.0000,99.1179,99.1179,19911.79,12674.35,0,0.00,0,0.00
2012-05-17,19911.79,0.0000,99.1179,99.1179,19911.79,12509.77,0,0.00,0,0.00
2012-05-20,19911.79,0.0000,99.1179,99.1179,19911.79,12859.49,0,0.00,0,0.00
2012-05-21,19911.79,0.0000,99.1179,99.1179,19911.79,12845.09,0,0.00,0,0.00
2012-05-22,19911.79,0.0000,99.1179,99.1179,19911.79,12869.78,0,0.00,0,0.00
2012-05-23,19911.79,0.0000,99.1179,99.1179,19911.79,12785.44,0,0.00,0,0.00
2012-05-24,19911.79,0.0000,99.1179,99.1179,19911.79,12768.98,0,0.00,0,0.00
2012-05-28,19911.79,0.0000,99.1179,99.1179,19911.79,12931.50,0,0.00,0,0.00
2012-05-29,19911.79,0.0000,99.1179,99.1179,19911.79,12822.46,0,0.00,0,0.00
2012-05-30,19911.79,0.0000,99.1179,99.1179,19911.79,12766.92,0,0.00,0,0.00
2012-05-31,19911.79,0.0000,99.1179,99.1179,19911.79,12427.28,0,0.00,0,0.00
2012-06-03,19911.79,0.0000,99.1179,99.1179,19911.79,12522.11,0,0.00,0,0.00
2012-06-04,19911.79,0.0000,99.1179,99.1179,19911.79,12573.54,0,0.00,0,0.00
2012-06-05,19911.79,0.0000,99.1179,99.1179,19911.79,12861.55,0,0.00,0,0.00
2012-06-06,19911.79,0.0000,99.1179,99.1179,19911.79,12810.12,0,0.00,0,0.00
2012-06-07,19911.79,0.0000,99.1179,99.1179,19911.79,12933.55,0,0.00,0,0.00
2012-06-10,19911.79,0.0000,99.1179,99.1179,19911.79,12714.46,0,0.00,0,0.00
2012-06-11,19911.79,0.0000,99.1179,99.1179,19911.79,12869.78,0,0.00,0,0.00
2012-06-12,19911.79,0.0000,99.1179,99.1179,19911.79,12781.32,0,0.00,0,0.00
2012-06-13,19911.79,0.0000,99.1179,99.1179,19911.79,12828.64,0,0.00,0,0.00
2012-06-14,19911.79,0.0000,99.1179,99.1179,19911.79,12958.24,0,0.00,0,0.00
2012-06-17,19911.79,0.0000,99.1179,99.1179,19911.79,13079.61,0,0.00,0,0.00
2012-06-18,19720.00,-0.9632,97.2000,97.2000,1975.18,13215.18,0,0.00,17404,0.00
2012-06-19,20303.77,2.9603,103.0377,103.0377,1975.18,13225.67,0,0.00,17404,18328.59
2012-06-20,20176.60,-0.6263,101.7660,101.7660,20176.60,12896.52,0,0.00,0,0.00
2012-06-21,20176.60,0.0000,101.7660,101.7660,20176.60,13032.30,0,0.00,0,0.00
2012-06-24,20176.60,0.0000,101.7660,101.7660,20176.60,12781.32,0,0.00,0,0.00
2012-06-25,20176.60,0.0000,101.7660,101.7660,20176.60,12861.55,0,0.00,0,0.00
2012-06-26,20176.60,0.0000,101.7660,101.7660,20176.60,12939.72,0,0.00,0,0.00
2012-06-27,20176.60,0.0000,101.7660,101.7660,20176.60,12795.72,0,0.00,0,0.00
2012-06-28,19991.31,-0.9183,99.9131,99.9131,3932.09,13198.93,0,0.00,16923,0.00
2012-07-01,19991.31,0.0000,99.9131,99.9131,3932.09,13238.02,0,0.00,16923,16059.22
2012-07-02,21701.24,8.5534,117.0124,117.0124,3932.09,13349.11,0,0.00,16923,17769.15
2012-07-04,22124.32,1.9495,121.2432,121.2432,3932.09,13357.33,0,0.00,16923,18192.22
2012-07-05,22187.78,0.2868,121.8778,121.8778,3932.09,13190.70,0,0.00,16923,18255.69
2012-07-08,21468.55,-3.2415,114.6855,114.6855,3932.09,13166.02,0,0.00,16923,17536.46
2012-07-09,21221.90,-1.1489,112.2190,112.2190,21221.90,13036.41,0,0.00,0,0.00
2012-07-10,21221.90,0.0000,112.2190,112.2190,21221.90,12964.41,0,0.00,0,0.00
2012-07-11,21221.90,0.0000,112.2190,112.2190,21221.90,12843.04,0,0.00,0,0.00
2012-07-12,21221.90,0.0000,112.2190,112.2190,21221.90,13038.47,0,0.00,0,0.00
2012-07-15,21221.90,0.0000,112.2190,112.2190,21221.90,13001.44,0,0.00,0,0.00
2012-07-16,21221.90,0.0000,112.2190,112.2190,21221.90,13069.33,0,0.00,0,0.00
2012-07-17,21022.23,-0.9409,110.2223,110.2223,2734.70,13246.25,0,0.00,18139,0.00
2012-07-18,21765.54,3.5359,117.6554,117.6554,2734.70,13392.31,0,0.00,18139,19030.84
2012-07-19,22385.28,2.8473,123.8528,123.8528,2734.70,13214.36,0,0.00,18139,19650.58
2012-07-22,21429.22,-4.2710,114.2922,114.2922,21429.22,13054.93,0,0.00,0,0.00
2012-07-23,21429.22,0.0000,114.2922,114.2922,21429.22,12952.07,0,0.00,0,0.00
2012-07-24,21429.22,0.0000,114.2922,114.2922,21429.22,12865.67,0,0.00,0,0.00
2012-07-25,21429.22,0.0000,114.2922,114.2922,21429.22,13036.41,0,0.00,0,0.00
2012-07-26,21250.14,-0.8357,112.5014,112.5014,5032.00,13344.99,0,0.00,16286,0.00
2012-07-29,22478.38,5.7799,124.7838,124.7838,5032.00,13334.70,0,0.00,16286,17446.38
2012-07-30,22373.20,-0.4679,123.7320,123.7320,5032.00,13330.59,0,0.00,16286,17341.20
2012-07-31,22383.38,0.0455,123.8338,123.8338,5032.00,13291.50,0,0.00,16286,17351.38
2012-08-01,22213.73,-0.7579,122.1373,122.1373,5032.00,13244.19,0,0.00,16286,17181.73
2012-08-02,22033.90,-0.8095,120.3390,120.3390,5032.00,13495.17,0,0.00,16286,17001.90
2012-08-05,23000.88,4.3886,130.0088,130.0088,5032.00,13598.03,0,0.00,16286,17968.88
2012-08-06,23404.65,1.7554,134.0465,134.0465,5032.00,13711.17,0,0.00,16286,18372.64
2012-08-07,23859.30,1.9426,138.5930,138.5930,5032.00,13705.00,0,0.00,16286,18827.30
2012-08-08,23828.77,-0.1280,138.2877,138.2877,5032.00,13746.14,0,0.00,16286,18796.76
2012-08-09,23988.22,0.6692,139.8822,139.8822,5032.00,13754.37,0,0.00,16286,18956.22
2012-08-12,24066.26,0.3253,140.6626,140.6626,5032.00,13787.29,0,0.00,16286,19034.26
2012-08-13,24181.62,0.4793,141.8162,141.8162,5032.00,13793.46,0,0.00,16286,19149.62
2012-08-14,24208.77,0.1123,142.0877,142.0877,5032.00,13828.43,0,0.00,16286,19176.76
2012-08-15,24344.48,0.5606,143.4448,143.4448,5032.00,13993.01,0,0.00,16286,19312.48
2012-08-16,25036.63,2.8432,150.3663,150.3663,5032.00,14054.72,0,0.00,16286,20004.63
2012-08-19,25311.46,1.0977,153.1146,153.1146,5032.00,14075.29,0,0.00,16286,20279.46
2012-08-20,25389.50,0.3083,153.8950,153.8950,5032.00,14019.75,0,0.00,16286,20357.50
2012-08-21,25155.39,-0.9221,151.5539,151.5539,5032.00,14077.35,0,0.00,16286,20123.39
2012-08-22,25372.53,0.8632,153.7253,153.7253,5032.00,13962.15,0,0.00,16286,20340.53
2012-08-23,24921.28,-1.7785,149.2128,149.2128,5032.00,14048.55,0,0.00,16286,19889.28
2012-08-26,25274.15,1.4159,152.7415,152.7415,5032.00,14071.18,0,0.00,16286,20242.15
2012-08-27,25372.53,0.3893,153.7253,153.7253,5032.00,14071.18,0,0.00,16286,20340.53
2012-08-28,25171.52,-0.7922,151.7152,151.7152,12585.92,14071.18,184,0.00,0,0.00
2012-08-29,25044.56,-0.5044,150.4456,150.4456,12585.92,13929.23,184,12458.64,0,0.00
2012-08-30,25127.36,0.3306,151.2736,151.2736,12585.92,14021.81,184,12541.44,0,0.00
2012-09-03,25114.48,-0.0513,151.1448,151.1448,12585.92,14007.41,184,12528.56,0,0.00
2012-09-04,25101.60,-0.0513,151.0160,151.0160,12585.92,13993.01,184,12515.68,0,0.00
2012-09-05,25379.44,1.1069,153.7944,153.7944,12585.92,14303.64,184,12793.52,0,0.00
2012-09-06,25361.04,-0.0725,153.6104,153.6104,12585.92,14283.07,184,12775.12,0,0.00
2012-09-09,25197.28,-0.6457,151.9728,151.9728,12585.92,14099.98,184,12611.36,0,0.00
2012-09-10,25177.04,-0.0803,151.7704,151.7704,12585.92,14077.35,184,12591.12,0,0.00
2012-09-11,25214.21,0.1476,152.1421,152.1421,12585.92,14118.91,184,12628.29,0,0.00
2012-09-12,25384.96,0.6772,153.8496,153.8496,12585.92,14309.81,184,12799.04,0,0.00
2012-09-13,25484.29,0.3913,154.8429,154.8429,25484.29,14437.36,0,0.00,0,0.00
2012-09-16,25484.29,0.0000,154.8429,154.8429,25484.29,14443.53,0,0.00,0,0.00
2012-09-17,25484.29,0.0000,154.8429,154.8429,25484.29,14455.87,0,0.00,0,0.00
2012-09-18,25484.29,0.0000,154.8429,154.8429,25484.29,14482.62,0,0.00,0,0.00
2012-09-19,25484.29,0.0000,154.8429,154.8429,25484.29,14468.22,0,0.00,0,0.00
2012-09-20,25484.29,0.0000,154.8429,154.8429,25484.29,14431.19,0,0.00,0,0.00
2012-09-23,25469.78,-0.0569,154.6978,154.6978,12778.01,14345.81,182,0.00,0,0.00
2012-09-24,25292.33,-0.6967,152.9233,152.9233,12778.01,14145.24,182,12514.32,0,0.00
2012-09-25,25190.41,-0.4030,151.9041,151.9041,12778.01,14030.03,182,12412.40,0,0.00
2012-09-26,25361.49,0.6791,153.6149,153.6149,12778.01,14223.41,182,12583.48,0,0.00
2012-09-27,25257.75,-0.4090,152.5775,152.5775,12778.01,14106.15,182,12479.74,0,0.00
2012-09-30,25239.55,-0.0721,152.3955,152.3955,12778.01,14085.58,182,12461.54,0,0.00
2012-10-01,25275.95,0.1442,152.7595,152.7595,12778.01,14126.72,182,12497.94,0,0.00
2012-10-02,25356.03,0.3168,153.5603,153.5603,12778.01,14217.24,182,12578.02,0,0.00
2012-10-03,25399.71,0.1723,153.9971,153.9971,12778.01,14266.61,182,12621.70,0,0.00
2012-10-04,25332.37,-0.2651,153.3237,153.3237,12778.01,14190.50,182,12554.36,0,0.00
2012-10-07,25217.71,-0.4526,152.1771,152.1771,12778.01,14060.89,182,12439.70,0,0.00
2012-10-08,25019.18,-0.7872,150.1918,150.1918,12778.01,13836.49,182,12241.17,0,0.00
2012-10-09,24943.45,-0.3027,149.4345,149.4345,24943.45,13766.71,0,0.00,0,0.00
2012-10-10,24943.45,0.0000,149.4345,149.4345,24943.45,13723.51,0,0.00,0,0.00
2012-10-11,24943.45,0.0000,149.4345,149.4345,24943.45,13717.34,0,0.00,0,0.00
2012-10-14,24929.17,-0.0572,149.2917,149.2917,12502.72,13818.14,185,0.00,0,0.00
2012-10-15,25104.92,0.7050,151.0492,151.0492,12502.72,14013.58,185,12602.20,0,0.00
2012-10-16,25097.52,-0.0295,150.9752,150.9752,12502.72,14005.35,185,12594.80,0,0.00
2012-10-17,24937.07,-0.6393,149.3707,149.3707,24937.07,13842.83,0,0.00,0,0.00
2012-10-18,24937.07,0.0000,149.3707,149.3707,24937.07,13511.62,0,0.00,0,0.00
2012-10-21,24937.07,0.0000,149.3707,149.3707,24937.07,13581.57,0,0.00,0,0.00
2012-10-22,24937.07,0.0000,149.3707,149.3707,24937.07,13451.96,0,0.00,0,0.00
2012-10-23,24937.07,0.0000,149.3707,149.3707,24937.07,13405.47,0,0.00,0,0.00
2012-10-24,24937.07,0.0000,149.3707,149.3707,24937.07,13404.65,0,0.00,0,0.00
2012-10-25,24937.07,0.0000,149.3707,149.3707,24937.07,13443.74,0,0.00,0,0.00
2012-10-30,24937.07,0.0000,149.3707,149.3707,24937.07,13361.45,0,0.00,0,0.00
2012-10-31,24937.07,0.0000,149.3707,149.3707,24937.07,13551.31,0,0.00,0,0.00
2012-11-01,24937.07,0.0000,149.3707,149.3707,24937.07,13406.71,0,0.00,0,0.00
2012-11-04,24937.07,0.0000,149.3707,149.3707,24937.07,13495.17,0,0.00,0,0.00
2012-11-05,24937.07,0.0000,149.3707,149.3707,24937.07,13519.85,0,0.00,0,0.00
2012-11-06,24937.07,0.0000,149.3707,149.3707,24937.07,13200.99,0,0.00,0,0.00
2012-11-07,24937.07,0.0000,149.3707,149.3707,24937.07,12993.21,0,0.00,0,0.00
2012-11-08,24937.07,0.0000,149.3707,149.3707,24937.07,13048.76,0,0.00,0,0.00
2012-11-11,24937.07,0.0000,149.3707,149.3707,24937.07,13046.70,0,0.00,0,0.00
2012-11-12,24937.07,0.0000,149.3707,149.3707,24937.07,12956.18,0,0.00,0,0.00
2012-11-13,24937.07,0.0000,149.3707,149.3707,24937.07,12803.95,0,0.00,0,0.00
2012-11-14,24937.07,0.0000,149.3707,149.3707,24937.07,12760.73,0,0.00,0,0.00
2012-11-15,24937.07,0.0000,149.3707,149.3707,24937.07,12816.29,0,0.00,0,0.00
2012-11-18,24937.07,0.0000,149.3707,149.3707,24937.07,13120.88,0,0.00,0,0.00
2012-11-19,24937.07,0.0000,149.3707,149.3707,24937.07,13124.87,0,0.00,0,0.00
2012-11-20,24937.07,0.0000,149.3707,149.3707,24937.07,13151.61,0,0.00,0,0.00
2012-11-22,24937.07,0.0000,149.3707,149.3707,24937.07,13351.16,0,0.00,0,0.00
2012-11-25,24937.07,0.0000,149.3707,149.3707,24937.07,13408.97,0,0.00,0,0.00
2012-11-26,24937.07,0.0000,149.3707,149.3707,24937.07,13363.51,0,0.00,0,0.00
2012-11-27,24937.07,0.0000,149.3707,149.3707,24937.07,13478.71,0,0.00,0,0.00
2012-11-28,24937.07,0.0000,149.3707,149.3707,24937.07,13558.94,0,0.00,0,0.00
2012-11-29,24937.07,0.0000,149.3707,149.3707,24937.07,13536.31,0,0.00,0,0.00
2012-12-02,24937.07,0.0000,149.3707,149.3707,24937.07,13509.57,0,0.00,0,0.00
2012-12-03,24937.07,0.0000,149.3707,149.3707,24937.07,13501.34,0,0.00,0,0.00
2012-12-04,24937.07,0.0000,149.3707,149.3707,24937.07,13351.82,0,0.00,0,0.00
2012-12-05,24937.07,0.0000,149.3707,149.3707,24937.07,13437.56,0,0.00,0,0.00
2012-12-06,24937.07,0.0000,149.3707,149.3707,24937.07,13357.33,0,0.00,0,0.00
2012-12-09,24937.07,0.0000,149.3707,149.3707,24937.07,13396.42,0,0.00,0,0.00
2012-12-10,24937.07,0.0000,149.3707,149.3707,24937.07,13571.28,0,0.00,0,0.00
2012-12-11,24937.07,0.0000,149.3707,149.3707,24937.07,13542.48,0,0.00,0,0.00
2012-12-12,24937.07,0.0000,149.3707,149.3707,24937.07,13435.73,0,0.00,0,0.00
2012-12-13,24937.07,0.0000,149.3707,149.3707,24937.07,13307.96,0,0.00,0,0.00
2012-12-16,24937.07,0.0000,149.3707,149.3707,24937.07,13484.88,0,0.00,0,0.00
2012-12-17,24937.07,0.0000,149.3707,149.3707,24937.07,13690.02,0,0.00,0,0.00
2012-12-18,24937.07,0.0000,149.3707,149.3707,24937.07,13631.04,0,0.00,0,0.00
2012-12-19,24937.07,0.0000,149.3707,149.3707,24937.07,13630.94,0,0.00,0,0.00
2012-12-20,24937.07,0.0000,149.3707,149.3707,24937.07,13412.88,0,0.00,0,0.00
2012-12-23,24937.07,0.0000,149.3707,149.3707,24937.07,13386.13,0,0.00,0,0.00
2012-12-25,24937.07,0.0000,149.3707,149.3707,24937.07,13268.87,0,0.00,0,0.00
2012-12-26,24937.07,0.0000,149.3707,149.3707,24937.07,13248.30,0,0.00,0,0.00
2012-12-27,24937.07,0.0000,149.3707,149.3707,24937.07,13120.76,0,0.00,0,0.00
2012-12-30,24937.07,0.0000,149.3707,149.3707,24937.07,13398.50,0,0.00,0,0.00
2013-01-01,24937.07,0.0000,149.3707,149.3707,24937.07,13824.32,0,0.00,0,0.00
2013-01-02,24937.07,0.0000,149.3707,149.3707,24937.07,13752.75,0,0.00,0,0.00
2013-01-03,24937.07,0.0000,149.3707,149.3707,24937.07,13707.06,0,0.00,0,0.00
2013-01-06,24937.07,0.0000,149.3707,149.3707,24937.07,13711.25,0,0.00,0,0.00
2013-01-07,24937.07,0.0000,149.3707,149.3707,24937.07,13684.43,0,0.00,0,0.00
2013-01-08,24937.07,0.0000,149.3707,149.3707,24937.07,13735.86,0,0.00,0,0.00
2013-01-09,24937.07,0.0000,149.3707,149.3707,24937.07,13818.14,0,0.00,0,0.00
2013-01-10,24937.07,0.0000,149.3707,149.3707,24937.07,13836.66,0,0.00,0,0.00
2013-01-13,24937.07,0.0000,149.3707,149.3707,24937.07,13774.94,0,0.00,0,0.00
2013-01-14,24937.07,0.0000,149.3707,149.3707,24937.07,13707.06,0,0.00,0,0.00
2013-01-15,24937.07,0.0000,149.3707,149.3707,24937.07,13762.60,0,0.00,0,0.00
2013-01-16,24937.07,0.0000,149.3707,149.3707,24937.07,13828.43,0,0.00,0,0.00
2013-01-17,24937.07,0.0000,149.3707,149.3707,24937.07,13797.57,0,0.00,0,0.00
2013-01-21,24937.07,0.0000,149.3707,149.3707,24937.07,13820.20,0,0.00,0,0.00
2013-01-22,24937.07,0.0000,149.3707,149.3707,24937.07,13904.55,0,0.00,0,0.00
2013-01-23,24937.07,0.0000,149.3707,149.3707,24937.07,13713.23,0,0.00,0,0.00
2013-01-24,24922.75,-0.0574,149.2275,149.2275,12460.75,13783.17,186,0.00,0,0.00
2013-01-27,24950.65,0.1119,149.5065,149.5065,12460.75,13814.03,186,12489.90,0,0.00
2013-01-28,24952.51,0.0075,149.5251,149.5251,12460.75,13816.09,186,12491.76,0,0.00
2013-01-29,24926.47,-0.1044,149.2647,149.2647,12460.75,13787.29,186,12465.72,0,0.00
2013-01-30,24898.57,-0.1119,148.9857,148.9857,12460.75,13756.43,186,12437.82,0,0.00
2013-01-31,25045.51,0.5902,150.4551,150.4551,12460.75,13918.95,186,12584.76,0,0.00
2013-02-03,24826.03,-0.8763,148.2603,148.2603,12460.75,13676.20,186,12365.28,0,0.00
2013-02-04,25008.31,0.7342,150.0831,150.0831,12460.75,13877.80,186,12547.56,0,0.00
2013-02-05,24967.39,-0.1636,149.6739,149.6739,12460.75,13832.54,186,12506.64,0,0.00
2013-02-06,24978.55,0.0447,149.7855,149.7855,12460.75,13844.89,186,12517.80,0,0.00
2013-02-07,25092.38,0.4557,150.9238,150.9238,25092.38,13986.83,0,0.00,0,0.00
2013-02-10,25092.38,0.0000,150.9238,150.9238,25092.38,13990.95,0,0.00,0,0.00
2013-02-11,25092.38,0.0000,150.9238,150.9238,25092.38,13933.35,0,0.00,0,0.00
2013-02-12,25092.38,0.0000,150.9238,150.9238,25092.38,13982.72,0,0.00,0,0.00
2013-02-13,25092.38,0.0000,150.9238,150.9238,25092.38,13978.61,0,0.00,0,0.00
2013-02-14,25092.38,0.0000,150.9238,150.9238,25092.38,13937.46,0,0.00,0,0.00
2013-02-18,25092.38,0.0000,150.9238,150.9238,25092.38,14038.26,0,0.00,0,0.00
2013-02-19,25078.03,-0.0572,150.7803,150.7803,12580.69,13822.26,186,0.00,0,0.00
2013-02-20,24929.88,-0.5907,149.2988,149.2988,24929.88,13674.14,0,0.00,0,0.00
2013-02-21,24915.61,-0.0572,149.1561,149.1561,12494.90,13811.77,185,0.00,0,0.00
2013-02-24,24748.13,-0.6722,147.4813,147.4813,24748.13,13641.23,0,0.00,0,0.00
2013-02-25,24733.97,-0.0572,147.3397,147.3397,12422.22,13690.60,185,0.00,0,0.00
2013-02-26,24861.62,0.5161,148.6162,148.6162,12422.22,13832.54,185,12439.40,0,0.00
2013-02-27,24835.72,-0.1042,148.3572,148.3572,12422.22,13803.74,185,12413.50,0,0.00
2013-02-28,24887.52,0.2086,148.8752,148.8752,12422.22,13861.35,185,12465.30,0,0.00
2013-03-03,24943.02,0.2230,149.4302,149.4302,12422.22,13923.06,185,12520.80,0,0.00
2013-03-04,25113.46,0.6833,151.1346,151.1346,25113.46,14128.78,0,0.00,0,0.00
2013-03-05,25113.46,0.0000,151.1346,151.1346,25113.46,14093.81,0,0.00,0,0.00
2013-03-06,25113.46,0.0000,151.1346,151.1346,25113.46,14130.84,0,0.00,0,0.00
2013-03-07,25113.46,0.0000,151.1346,151.1346,25113.46,14147.29,0,0.00,0,0.00
2013-03-10,25113.46,0.0000,151.1346,151.1346,25113.46,14188.44,0,0.00,0,0.00
2013-03-11,25113.46,0.0000,151.1346,151.1346,25113.46,14137.01,0,0.00,0,0.00
2013-03-12,25113.46,0.0000,151.1346,151.1346,25113.46,14118.49,0,0.00,0,0.00
2013-03-13,25113.46,0.0000,151.1346,151.1346,25113.46,14165.81,0,0.00,0,0.00
2013-03-14,25113.46,0.0000,151.1346,151.1346,25113.46,14093.81,0,0.00,0,0.00
2013-03-17,25113.46,0.0000,151.1346,151.1346,25113.46,14062.95,0,0.00,0,0.00
2013-03-18,25099.07,-0.0573,150.9907,150.9907,12544.75,14036.21,184,0.00,0,0.00
2013-03-19,25187.20,0.3512,151.8720,151.8720,12544.75,14134.75,184,12642.46,0,0.00
2013-03-20,25043.87,-0.5691,150.4387,150.4387,12544.75,13974.49,184,12499.12,0,0.00
2013-03-21,25165.31,0.4849,151.6531,151.6531,12544.75,14110.27,184,12620.56,0,0.00
2013-03-24,25119.31,-0.1828,151.1931,151.1931,12544.75,14058.84,184,12574.56,0,0.00
2013-03-25,25187.39,0.2710,151.8739,151.8739,12544.75,14134.95,184,12642.64,0,0.00
2013-03-26,25204.13,0.0665,152.0413,152.0413,12544.75,14153.67,184,12659.38,0,0.00
2013-03-27,25235.23,0.1234,152.3523,152.3523,12544.75,14188.44,184,12690.48,0,0.00
2013-03-31,25148.75,-0.3427,151.4875,151.4875,12544.75,14091.75,184,12604.00,0,0.00
