Date,Portfolio_Total_Value,Portfolio_Day_Change_Pct,Portfolio_Overall_Return,Portfolio_PL_Percent,Cash,BuyHold_QQQ_Value,QQQ_Qty,QQQ_Value,TQQQ_Qty,TQQQ_Value
2010-04-04,10000.00,0.0000,0.0000,0.0000,10000.00,10000.00,0,0.00,0,0.00
2010-04-05,10000.00,0.0000,0.0000,0.0000,10000.00,10028.80,0,0.00,0,0.00
2010-04-06,10000.00,0.0000,0.0000,0.0000,10000.00,10004.11,0,0.00,0,0.00
2010-04-07,10000.00,0.0000,0.0000,0.0000,10000.00,10026.74,0,0.00,0,0.00
2010-04-08,10000.00,0.0000,0.0000,0.0000,10000.00,10086.40,0,0.00,0,0.00
2010-04-11,10000.00,0.0000,0.0000,0.0000,10000.00,10094.63,0,0.00,0,0.00
2010-04-12,10000.00,0.0000,0.0000,0.0000,10000.00,10146.06,0,0.00,0,0.00
2010-04-13,10000.00,0.0000,0.0000,0.0000,10000.00,10267.43,0,0.00,0,0.00
2010-04-14,10000.00,0.0000,0.0000,0.0000,10000.00,10312.69,0,0.00,0,0.00
2010-04-15,10000.00,0.0000,0.0000,0.0000,10000.00,10189.26,0,0.00,0,0.00
2010-04-18,10000.00,0.0000,0.0000,0.0000,10000.00,10183.09,0,0.00,0,0.00
2010-04-19,10000.00,0.0000,0.0000,0.0000,10000.00,10234.52,0,0.00,0,0.00
2010-04-20,10000.00,0.0000,0.0000,0.0000,10000.00,10292.12,0,0.00,0,0.00
2010-04-21,10000.00,0.0000,0.0000,0.0000,10000.00,10349.72,0,0.00,0,0.00
2010-04-22,10000.00,0.0000,0.0000,0.0000,10000.00,10392.92,0,0.00,0,0.00
2010-04-25,10000.00,0.0000,0.0000,0.0000,10000.00,10370.29,0,0.00,0,0.00
2010-04-26,10000.00,0.0000,0.0000,0.0000,10000.00,10150.17,0,0.00,0,0.00
2010-04-27,10000.00,0.0000,0.0000,0.0000,10000.00,10156.35,0,0.00,0,0.00
2010-04-28,10000.00,0.0000,0.0000,0.0000,10000.00,10333.26,0,0.00,0,0.00
2010-04-29,10000.00,0.0000,0.0000,0.0000,10000.00,10129.09,0,0.00,0,0.00
2010-05-02,10000.00,0.0000,0.0000,0.0000,10000.00,10271.55,0,0.00,0,0.00
2010-05-03,10000.00,0.0000,0.0000,0.0000,10000.00,9962.97,0,0.00,0,0.00
2010-05-04,10000.00,0.0000,0.0000,0.0000,10000.00,9911.54,0,0.00,0,0.00
2010-05-05,10000.00,0.0000,0.0000,0.0000,10000.00,9580.33,0,0.00,0,0.00
2010-05-06,10000.00,0.0000,0.0000,0.0000,10000.00,9341.70,0,0.00,0,0.00
2010-05-09,10000.00,0.0000,0.0000,0.0000,10000.00,9827.20,0,0.00,0,0.00
2010-05-10,10000.00,0.0000,0.0000,0.0000,10000.00,9816.91,0,0.00,0,0.00
2010-05-11,10000.00,0.0000,0.0000,0.0000,10000.00,10002.06,0,0.00,0,0.00
2010-05-12,10000.00,0.0000,0.0000,0.0000,10000.00,9843.65,0,0.00,0,0.00
2010-05-13,10000.00,0.0000,0.0000,0.0000,10000.00,9654.39,0,0.00,0,0.00
2010-05-16,10000.00,0.0000,0.0000,0.0000,10000.00,9685.25,0,0.00,0,0.00
2010-05-17,10000.00,0.0000,0.0000,0.0000,10000.00,9551.53,0,0.00,0,0.00
2010-05-18,10000.00,0.0000,0.0000,0.0000,10000.00,9475.42,0,0.00,0,0.00
2010-05-19,10000.00,0.0000,0.0000,0.0000,10000.00,9123.64,0,0.00,0,0.00
2010-05-20,10000.00,0.0000,0.0000,0.0000,10000.00,9224.44,0,0.00,0,0.00
2010-05-23,10000.00,0.0000,0.0000,0.0000,10000.00,9187.41,0,0.00,0,0.00
2010-05-24,10000.00,0.0000,0.0000,0.0000,10000.00,9195.64,0,0.00,0,0.00
2010-05-25,10000.00,0.0000,0.0000,0.0000,10000.00,9092.78,0,0.00,0,0.00
2010-05-26,10000.00,0.0000,0.0000,0.0000,10000.00,9436.33,0,0.00,0,0.00
2010-05-27,10000.00,0.0000,0.0000,0.0000,10000.00,9380.79,0,0.00,0,0.00
2010-05-31,10000.00,0.0000,0.0000,0.0000,10000.00,9294.38,0,0.00,0,0.00
2010-06-01,10000.00,0.0000,0.0000,0.0000,10000.00,9514.50,0,0.00,0,0.00
2010-06-02,10000.00,0.0000,0.0000,0.0000,10000.00,9605.02,0,0.00,0,0.00
2010-06-03,10000.00,0.0000,0.0000,0.0000,10000.00,9276.38,0,0.00,0,0.00
2010-06-06,10000.00,0.0000,0.0000,0.0000,10000.00,9107.18,0,0.00,0,0.00
2010-06-07,10000.00,0.0000,0.0000,0.0000,10000.00,9090.72,0,0.00,0,0.00
2010-06-08,10000.00,0.0000,0.0000,0.0000,10000.00,9014.61,0,0.00,0,0.00
2010-06-09,10000.00,0.0000,0.0000,0.0000,10000.00,9271.75,0,0.00,0,0.00
2010-06-10,10000.00,0.0000,0.0000,0.0000,10000.00,9360.21,0,0.00,0,0.00
2010-06-13,10000.00,0.0000,0.0000,0.0000,10000.00,9358.16,0,0.00,0,0.00
2010-06-14,10000.00,0.0000,0.0000,0.0000,10000.00,9609.13,0,0.00,0,0.00
2010-06-15,10000.00,0.0000,0.0000,0.0000,10000.00,9648.22,0,0.00,0,0.00
2010-06-16,10000.00,0.0000,0.0000,0.0000,10000.00,9679.08,0,0.00,0,0.00
2010-06-17,10000.00,0.0000,0.0000,0.0000,10000.00,9668.79,0,0.00,0,0.00
2010-06-20,10000.00,0.0000,0.0000,0.0000,10000.00,9586.50,0,0.00,0,0.00
2010-06-21,10000.00,0.0000,0.0000,0.0000,10000.00,9512.45,0,0.00,0,0.00
2010-06-22,10000.00,0.0000,0.0000,0.0000,10000.00,9473.36,0,0.00,0,0.00
2010-06-23,10000.00,0.0000,0.0000,0.0000,10000.00,9329.36,0,0.00,0,0.00
2010-06-24,10000.00,0.0000,0.0000,0.0000,10000.00,9312.90,0,0.00,0,0.00
2010-06-27,10000.00,0.0000,0.0000,0.0000,10000.00,9279.98,0,0.00,0,0.00
2010-06-28,10000.00,0.0000,0.0000,0.0000,10000.00,8922.03,0,0.00,0,0.00
2010-06-29,10000.00,0.0000,0.0000,0.0000,10000.00,8786.26,0,0.00,0,0.00
2010-06-30,10000.00,0.0000,0.0000,0.0000,10000.00,8761.57,0,0.00,0,0.00
2010-07-01,10000.00,0.0000,0.0000,0.0000,10000.00,8736.89,0,0.00,0,0.00
2010-07-05,10000.00,0.0000,0.0000,0.0000,10000.00,8763.63,0,0.00,0,0.00
2010-07-06,10000.00,0.0000,0.0000,0.0000,10000.00,9043.41,0,0.00,0,0.00
2010-07-07,10000.00,0.0000,0.0000,0.0000,10000.00,9092.78,0,0.00,0,0.00
2010-07-08,10000.00,0.0000,0.0000,0.0000,10000.00,9179.18,0,0.00,0,0.00
2010-07-11,10000.00,0.0000,0.0000,0.0000,10000.00,9205.92,0,0.00,0,0.00
2010-07-12,10000.00,0.0000,0.0000,0.0000,10000.00,9325.24,0,0.00,0,0.00
2010-07-13,10000.00,0.0000,0.0000,0.0000,10000.00,9372.56,0,0.00,0,0.00
2010-07-14,10000.00,0.0000,0.0000,0.0000,10000.00,9380.79,0,0.00,0,0.00
2010-07-15,10000.00,0.0000,0.0000,0.0000,10000.00,9121.58,0,0.00,0,0.00
2010-07-18,10000.00,0.0000,0.0000,0.0000,10000.00,9199.75,0,0.00,0,0.00
2010-07-19,10000.00,0.0000,0.0000,0.0000,10000.00,9310.84,0,0.00,0,0.00
2010-07-20,10000.00,0.0000,0.0000,0.0000,10000.00,9183.30,0,0.00,0,0.00
2010-07-21,10000.00,0.0000,0.0000,0.0000,10000.00,9415.76,0,0.00,0,0.00
2010-07-22,10000.00,0.0000,0.0000,0.0000,10000.00,9475.42,0,0.00,0,0.00
2010-07-25,10000.00,0.0000,0.0000,0.0000,10000.00,9553.59,0,0.00,0,0.00
2010-07-26,10000.00,0.0000,0.0000,0.0000,10000.00,9549.48,0,0.00,0,0.00
2010-07-27,10000.00,0.0000,0.0000,0.0000,10000.00,9473.36,0,0.00,0,0.00
2010-07-28,10000.00,0.0000,0.0000,0.0000,10000.00,9403.41,0,0.00,0,0.00
2010-07-29,10000.00,0.0000,0.0000,0.0000,10000.00,9423.99,0,0.00,0,0.00
2010-08-01,10000.00,0.0000,0.0000,0.0000,10000.00,9600.91,0,0.00,0,0.00
2010-08-02,10000.00,0.0000,0.0000,0.0000,10000.00,9559.76,0,0.00,0,0.00
2010-08-03,10000.00,0.0000,0.0000,0.0000,10000.00,9656.04,0,0.00,0,0.00
2010-08-04,10000.00,0.0000,0.0000,0.0000,10000.00,9633.82,0,0.00,0,0.00
2010-08-05,10000.00,0.0000,0.0000,0.0000,10000.00,9619.42,0,0.00,0,0.00
2010-08-08,10000.00,0.0000,0.0000,0.0000,10000.00,9685.25,0,0.00,0,0.00
2010-08-09,10000.00,0.0000,0.0000,0.0000,10000.00,9601.42,0,0.00,0,0.00
2010-08-10,10000.00,0.0000,0.0000,0.0000,10000.00,9339.64,0,0.00,0,0.00
2010-08-11,10000.00,0.0000,0.0000,0.0000,10000.00,9265.58,0,0.00,0,0.00
2010-08-12,10000.00,0.0000,0.0000,0.0000,10000.00,9199.75,0,0.00,0,0.00
2010-08-15,10000.00,0.0000,0.0000,0.0000,10000.00,9216.21,0,0.00,0,0.00
2010-08-16,10000.00,0.0000,0.0000,0.0000,10000.00,9333.88,0,0.00,0,0.00
2010-08-17,10000.00,0.0000,0.0000,0.0000,10000.00,9370.50,0,0.00,0,0.00
2010-08-18,10000.00,0.0000,0.0000,0.0000,10000.00,9228.55,0,0.00,0,0.00
2010-08-19,10000.00,0.0000,0.0000,0.0000,10000.00,9240.90,0,0.00,0,0.00
2010-08-22,10000.00,0.0000,0.0000,0.0000,10000.00,9150.38,0,0.00,0,0.00
2010-08-23,10000.00,0.0000,0.0000,0.0000,10000.00,8979.63,0,0.00,0,0.00
2010-08-24,10000.00,0.0000,0.0000,0.0000,10000.00,9066.04,0,0.00,0,0.00
2010-08-25,10000.00,0.0000,0.0000,0.0000,10000.00,8957.00,0,0.00,0,0.00
2010-08-26,10000.00,0.0000,0.0000,0.0000,10000.00,9066.04,0,0.00,0,0.00
2010-08-29,10000.00,0.0000,0.0000,0.0000,10000.00,8971.41,0,0.00,0,0.00
2010-08-30,10000.00,0.0000,0.0000,0.0000,10000.00,8940.55,0,0.00,0,0.00
2010-08-31,10000.00,0.0000,0.0000,0.0000,10000.00,9207.98,0,0.00,0,0.00
2010-09-01,10000.00,0.0000,0.0000,0.0000,10000.00,9310.84,0,0.00,0,0.00
2010-09-02,10000.00,0.0000,0.0000,0.0000,10000.00,9465.13,0,0.00,0,0.00
2010-09-06,10000.00,0.0000,0.0000,0.0000,10000.00,9401.36,0,0.00,0,0.00
2010-09-07,10000.00,0.0000,0.0000,0.0000,10000.00,9514.50,0,0.00,0,0.00
2010-09-08,10000.00,0.0000,0.0000,0.0000,10000.00,9551.53,0,0.00,0,0.00
2010-09-09,10000.00,0.0000,0.0000,0.0000,10000.00,9586.50,0,0.00,0,0.00
2010-09-12,10000.00,0.0000,0.0000,0.0000,10000.00,9720.22,0,0.00,0,0.00
2010-09-13,10000.00,0.0000,0.0000,0.0000,10000.00,9761.37,0,0.00,0,0.00
2010-09-14,10000.00,0.0000,0.0000,0.0000,10000.00,9823.08,0,0.00,0,0.00
2010-09-15,10000.00,0.0000,0.0000,0.0000,10000.00,9862.17,0,0.00,0,0.00
2010-09-16,10000.00,0.0000,0.0000,0.0000,10000.00,9873.48,0,0.00,0,0.00
2010-09-19,10000.00,0.0000,0.0000,0.0000,10000.00,10045.24,0,0.00,0,0.00
2010-09-20,10000.00,0.0000,0.0000,0.0000,10000.00,10043.20,0,0.00,0,0.00
2010-09-21,10000.00,0.0000,0.0000,0.0000,10000.00,10016.46,0,0.00,0,0.00
2010-09-22,10000.00,0.0000,0.0000,0.0000,10000.00,10012.34,0,0.00,0,0.00
2010-09-23,10000.00,0.0000,0.0000,0.0000,10000.00,10216.00,0,0.00,0,0.00
2010-09-26,10000.00,0.0000,0.0000,0.0000,10000.00,10160.46,0,0.00,0,0.00
2010-09-27,10000.00,0.0000,0.0000,0.0000,10000.00,10156.35,0,0.00,0,0.00
2010-09-28,10000.00,0.0000,0.0000,0.0000,10000.00,10139.89,0,0.00,0,0.00
2010-09-29,10000.00,0.0000,0.0000,0.0000,10000.00,10094.63,0,0.00,0,0.00
2010-09-30,10000.00,0.0000,0.0000,0.0000,10000.00,10082.29,0,0.00,0,0.00
2010-10-03,10000.00,0.0000,0.0000,0.0000,10000.00,9973.26,0,0.00,0,0.00
2010-10-04,10000.00,0.0000,0.0000,0.0000,10000.00,10216.00,0,0.00,0,0.00
2010-10-05,10000.00,0.0000,0.0000,0.0000,10000.00,10127.55,0,0.00,0,0.00
2010-10-06,10000.00,0.0000,0.0000,0.0000,10000.00,10164.58,0,0.00,0,0.00
2010-10-07,10000.00,0.0000,0.0000,0.0000,10000.00,10234.52,0,0.00,0,0.00
2010-10-10,9991.63,-0.0837,-0.0837,-0.0837,3023.83,10238.63,140,0.00,0,0.00
2010-10-11,10039.23,0.4764,0.3923,0.3923,3023.83,10308.58,140,7015.40,0,0.00
2010-10-12,10032.77,-0.0643,0.3277,0.3277,6875.58,10392.92,0,0.00,5223,0.00
2010-10-13,10105.67,0.7266,1.0567,1.0567,6875.58,10372.35,0,0.00,5223,3230.10
2010-10-14,10092.07,-0.1346,0.9207,0.9207,6875.58,10592.47,0,0.00,5223,3216.50
2010-10-17,10295.29,2.0136,2.9529,2.9529,6875.58,10553.38,0,0.00,5223,3419.71
2010-10-18,10326.57,0.3038,3.2657,3.2657,6875.58,10454.64,0,0.00,5223,3450.99
2010-10-19,10157.09,-1.6412,1.5709,1.5709,6875.58,10530.75,0,0.00,5223,3281.51
2010-10-20,10232.99,0.7473,2.3299,2.3299,6875.58,10551.33,0,0.00,5223,3357.41
2010-10-21,10253.93,0.2047,2.5393,2.5393,6875.58,10623.33,0,0.00,5223,3378.36
2010-10-24,10322.22,0.6659,3.2222,3.2222,6875.58,10674.76,0,0.00,5223,3446.64
2010-10-25,10367.92,0.4427,3.6792,3.6792,6875.58,10703.56,0,0.00,5223,3492.34
2010-10-26,10395.12,0.2624,3.9512,3.9512,6875.58,10736.47,0,0.00,5223,3519.54
2010-10-27,10429.40,0.3298,4.2940,4.2940,6875.58,10759.10,0,0.00,5223,3553.82
2010-10-28,10448.71,0.1851,4.4871,4.4871,6875.58,10734.42,0,0.00,5223,3573.13
2010-10-31,10422.05,-0.2551,4.2205,4.2205,6875.58,10742.65,0,0.00,5223,3546.47
2010-11-01,10441.63,0.1879,4.4163,4.4163,6875.58,10857.85,0,0.00,5223,3566.06
2010-11-02,10558.06,1.1151,5.5806,5.5806,6875.58,10907.22,0,0.00,5223,3682.49
2010-11-03,10593.97,0.3401,5.9397,5.9397,6875.58,11040.94,0,0.00,5223,3718.39
2010-11-04,10745.22,1.4277,7.4522,7.4522,6875.58,11040.94,0,0.00,5223,3869.64
2010-11-07,10739.51,-0.0531,7.3951,7.3951,6875.58,11054.82,0,0.00,5223,3863.93
2010-11-08,10752.30,0.1191,7.5230,7.5230,6875.58,10995.68,0,0.00,5223,3876.72
2010-11-09,10688.91,-0.5895,6.8891,6.8891,6875.58,11050.20,0,0.00,5223,3813.33
2010-11-10,10681.07,-0.0734,6.8107,6.8107,3207.17,10982.31,140,0.00,0,0.00
2010-11-11,10558.57,-1.1469,5.5857,5.5857,3207.17,10802.30,140,7351.40,0,0.00
2010-11-14,10531.27,-0.2586,5.3127,5.3127,3207.17,10762.19,140,7324.10,0,0.00
2010-11-15,10410.17,-1.1499,4.1017,4.1017,3207.17,10584.24,140,7203.00,0,0.00
2010-11-16,10431.17,0.2017,4.3117,4.3117,3207.17,10615.10,140,7224.00,0,0.00
2010-11-17,10547.37,1.1140,5.4737,5.4737,3207.17,10785.85,140,7340.20,0,0.00
2010-11-18,10552.97,0.0531,5.5297,5.5297,3207.17,10794.08,140,7345.80,0,0.00
2010-11-21,10614.57,0.5837,6.1457,6.1457,3207.17,10884.59,140,7407.40,0,0.00
2010-11-22,10496.97,-1.1079,4.9697,4.9697,3207.17,10711.79,140,7289.80,0,0.00
2010-11-23,10643.97,1.4004,6.4397,6.4397,3207.17,10927.79,140,7436.80,0,0.00
2010-11-25,10594.97,-0.4604,5.9497,5.9497,3207.17,10855.79,140,7387.80,0,0.00
2010-11-28,10589.37,-0.0529,5.8937,5.8937,3207.17,10847.56,140,7382.20,0,0.00
2010-11-29,10499.07,-0.8527,4.9907,4.9907,3207.17,10714.87,140,7291.90,0,0.00
2010-11-30,10653.77,1.4735,6.5377,6.5377,3207.17,10942.19,140,7446.60,0,0.00
2010-12-01,10729.37,0.7096,7.2937,7.2937,3207.17,11053.28,140,7522.20,0,0.00
2010-12-02,10695.43,-0.3163,6.9543,6.9543,7637.69,11082.08,0,0.00,4154,0.00
2010-12-05,10720.09,0.2306,7.2009,7.2009,7637.69,11076.94,0,0.00,4154,3082.40
2010-12-06,10714.03,-0.0565,7.1403,7.1403,7637.69,11084.14,0,0.00,4154,3076.34
2010-12-07,10712.08,-0.0182,7.1208,7.1208,7637.69,11125.28,0,0.00,4154,3074.39
2010-12-08,10759.69,0.4444,7.5969,7.5969,7637.69,11136.60,0,0.00,4154,3121.99
2010-12-09,10764.23,0.0422,7.6423,7.6423,7637.69,11210.66,0,0.00,4154,3126.53
2010-12-12,10822.86,0.5447,8.2286,8.2286,7637.69,11170.54,0,0.00,4154,3185.17
2010-12-13,10788.46,-0.3178,7.8846,7.8846,7637.69,11190.08,0,0.00,4154,3150.77
2010-12-14,10810.09,0.2005,8.1009,8.1009,7637.69,11141.74,0,0.00,4154,3172.40
2010-12-15,10767.04,-0.3983,7.6704,7.6704,7637.69,11228.14,0,0.00,4154,3129.35
2010-12-16,10833.46,0.6169,8.3346,8.3346,7637.69,11215.80,0,0.00,4154,3195.77
2010-12-19,10834.97,0.0140,8.3497,8.3497,7637.69,11224.03,0,0.00,4154,3197.28
2010-12-20,10854.45,0.1797,8.5445,8.5445,7637.69,11291.92,0,0.00,4154,3216.75
2010-12-21,10904.42,0.4604,9.0442,9.0442,7637.69,11290.89,0,0.00,4154,3266.73
2010-12-22,10910.05,0.0516,9.1005,9.1005,7637.69,11261.47,0,0.00,4154,3272.36
2010-12-26,10831.44,-0.7205,8.3144,8.3144,3273.18,11267.23,138,0.00,0,0.00
2010-12-27,10817.64,-0.1274,8.1764,8.1764,3273.18,11246.66,138,7544.46,0,0.00
2010-12-28,10834.20,0.1531,8.3420,8.3420,3273.18,11271.34,138,7561.02,0,0.00
2010-12-29,10816.26,-0.1656,8.1626,8.1626,3273.18,11244.60,138,7543.08,0,0.00
2010-12-30,10788.66,-0.2552,7.8866,7.8866,3273.18,11203.46,138,7515.48,0,0.00
2011-01-02,10905.96,1.0873,9.0596,9.0596,3273.18,11378.32,138,7632.78,0,0.00
2011-01-03,10899.75,-0.0569,8.9975,8.9975,3273.18,11369.06,138,7626.57,0,0.00
2011-01-04,10881.74,-0.1652,8.8174,8.8174,5342.40,11466.78,0,0.00,6895,0.00
2011-01-05,11021.08,1.2805,10.2108,10.2108,5342.40,11503.81,0,0.00,6895,5678.68
2011-01-06,11074.59,0.4855,10.7459,10.7459,5342.40,11493.52,0,0.00,6895,5732.19
2011-01-09,11067.41,-0.0648,10.6741,10.6741,5342.40,11536.72,0,0.00,6895,5725.01
2011-01-10,11125.58,0.5256,11.2558,11.2558,5342.40,11553.18,0,0.00,6895,5783.18
2011-01-11,11157.55,0.2873,11.5755,11.5755,5342.40,11634.44,0,0.00,6895,5815.15
2011-01-12,11280.00,1.0975,12.8000,12.8000,5342.40,11638.55,0,0.00,6895,5937.60
2011-01-13,11285.39,0.0477,12.8539,12.8539,5342.40,11725.98,0,0.00,6895,5942.99
2011-01-17,11423.65,1.2251,14.2365,14.2365,5342.40,11758.90,0,0.00,6895,6081.25
2011-01-18,11465.67,0.3678,14.6567,14.6567,5342.40,11625.18,0,0.00,6895,6123.26
2011-01-19,11264.20,-1.7571,12.6420,12.6420,5342.40,11542.89,0,0.00,6895,5921.80
2011-01-20,11045.73,-1.9395,10.4573,10.4573,3361.89,11454.43,138,0.00,0,0.00
2011-01-23,11151.99,0.9620,11.5199,11.5199,3361.89,11612.84,138,7790.10,0,0.00
2011-01-24,11163.38,0.1021,11.6338,11.6338,3361.89,11629.81,138,7801.48,0,0.00
2011-01-25,11204.43,0.3678,12.0443,12.0443,3361.89,11691.01,138,7842.54,0,0.00
2011-01-26,11252.73,0.4311,12.5273,12.5273,3361.89,11763.01,138,7890.84,0,0.00
2011-01-27,11052.63,-1.7782,10.5263,10.5263,3361.89,11464.72,138,7690.74,0,0.00
2011-01-30,11089.89,0.3371,10.8989,10.8989,3361.89,11520.26,138,7728.00,0,0.00
2011-01-31,11234.79,1.3066,12.3479,12.3479,3361.89,11736.27,138,7872.90,0,0.00
2011-02-01,11221.68,-0.1167,12.2168,12.2168,3361.89,11716.72,138,7859.79,0,0.00
2011-02-02,11235.83,0.1261,12.3583,12.3583,3361.89,11737.81,138,7873.94,0,0.00
2011-02-03,11279.64,0.3900,12.7964,12.7964,3361.89,11803.13,138,7917.75,0,0.00
2011-02-06,11256.27,-0.2072,12.5627,12.5627,6988.56,11859.70,0,0.00,4772,0.00
2011-02-07,11317.16,0.5409,13.1716,13.1716,6988.56,11936.84,0,0.00,4772,4328.60
2011-02-08,11397.94,0.7137,13.9794,13.9794,6988.56,11917.30,0,0.00,4772,4409.38
2011-02-09,11381.78,-0.1417,13.8178,13.8178,6988.56,11936.02,0,0.00,4772,4393.22
2011-02-10,11401.92,0.1769,14.0192,14.0192,6988.56,12022.22,0,0.00,4772,4413.36
2011-02-13,11485.67,0.7346,14.8567,14.8567,6988.56,12051.02,0,0.00,4772,4497.11
2011-02-14,11521.46,0.3116,15.2146,15.2146,6988.56,12034.56,0,0.00,4772,4532.90
2011-02-15,11503.82,-0.1532,15.0382,15.0382,6988.56,12112.94,0,0.00,4772,4515.26
2011-02-16,11594.53,0.7886,15.9453,15.9453,6988.56,12108.62,0,0.00,4772,4605.97
2011-02-17,11593.29,-0.0107,15.9329,15.9329,6988.56,12081.88,0,0.00,4772,4604.73
2011-02-21,11502.22,-0.7856,15.0222,15.0222,3460.99,11732.15,141,0.00,0,0.00
2011-02-22,11435.95,-0.5761,14.3595,14.3595,3460.99,11635.47,141,7974.96,0,0.00
2011-02-23,11477.54,0.3637,14.7754,14.7754,3460.99,11696.15,141,8016.56,0,0.00
2011-02-24,11589.64,0.9766,15.8964,15.8964,3460.99,11859.70,141,8128.65,0,0.00
2011-02-27,11606.56,0.1460,16.0656,16.0656,3460.99,11884.39,141,8145.57,0,0.00
2011-02-28,11475.43,-1.1298,14.7543,14.7543,3460.99,11693.07,141,8014.44,0,0.00
2011-03-01,11517.73,0.3686,15.1773,15.1773,3460.99,11754.78,141,8056.74,0,0.00
2011-03-02,11676.35,1.3772,16.7635,16.7635,3460.99,11986.22,141,8215.36,0,0.00
2011-03-03,11634.40,-0.3593,16.3440,16.3440,3460.99,11925.02,141,8173.42,0,0.00
2011-03-06,11524.78,-0.9423,15.2478,15.2478,3460.99,11765.07,141,8063.79,0,0.00
2011-03-07,11557.21,0.2814,15.5721,15.5721,3460.99,11812.38,141,8096.22,0,0.00
2011-03-08,11502.22,-0.4758,15.0222,15.0222,3460.99,11732.15,141,8041.23,0,0.00
2011-03-09,11376.73,-1.0910,13.7673,13.7673,3460.99,11549.06,141,7915.74,0,0.00
2011-03-10,11426.08,0.4338,14.2608,14.2608,3460.99,11621.07,141,7965.09,0,0.00
2011-03-13,11397.88,-0.2468,13.9788,13.9788,3460.99,11579.92,141,7936.89,0,0.00
2011-03-14,11285.08,-0.9897,12.8508,12.8508,3460.99,11415.35,141,7824.09,0,0.00
2011-03-15,11096.14,-1.6742,10.9614,10.9614,3460.99,11139.68,141,7635.15,0,0.00
2011-03-16,11166.64,0.6354,11.6664,11.6664,3460.99,11242.54,141,7705.65,0,0.00
2011-03-17,11138.44,-0.2525,11.3844,11.3844,3460.99,11201.40,141,7677.45,0,0.00
2011-03-20,11286.49,1.3292,12.8649,12.8649,3460.99,11417.40,141,7825.50,0,0.00
2011-03-21,11271.68,-0.1312,12.7168,12.7168,3460.99,11395.80,141,7810.70,0,0.00
2011-03-22,11316.10,0.3940,13.1610,13.1610,3460.99,11460.60,141,7855.11,0,0.00
2011-03-23,11455.69,1.2336,14.5569,14.5569,3460.99,11664.27,141,7994.70,0,0.00
2011-03-24,11427.60,-0.2452,14.2760,14.2760,8403.71,11693.07,0,0.00,3538,0.00
2011-03-27,11444.55,0.1483,14.4455,14.4455,8403.71,11629.29,0,0.00,3538,3040.84
2011-03-28,11392.22,-0.4573,13.9222,13.9222,8403.71,11742.44,0,0.00,3538,2988.51
2011-03-29,11479.56,0.7667,14.7956,14.7956,8403.71,11797.98,0,0.00,3538,3075.85
2011-03-30,11523.42,0.3820,15.2342,15.2342,8403.71,11814.44,0,0.00,3538,3119.71
2011-03-31,11533.74,0.0895,15.3374,15.3374,8403.71,11820.61,0,0.00,3538,3130.02
2011-04-03,11548.48,0.1278,15.4848,15.4848,8403.71,11781.53,0,0.00,3538,3144.77
2011-04-04,11515.31,-0.2872,15.1531,15.1531,8403.71,11750.67,0,0.00,3538,3111.60
2011-04-05,11488.04,-0.2368,14.8804,14.8804,8403.71,11779.47,0,0.00,3538,3084.33
2011-04-06,11505.73,0.1540,15.0573,15.0573,8403.71,11771.24,0,0.00,3538,3102.02
2011-04-07,11507.57,0.0160,15.0757,15.0757,8403.71,11715.70,0,0.00,3538,3103.86
2011-04-10,11460.76,-0.4068,14.6076,14.6076,8403.71,11676.61,0,0.00,3538,3057.05
2011-04-11,11434.23,-0.2315,14.3423,14.3423,8403.71,11596.38,0,0.00,3538,3030.52
2011-04-12,11370.84,-0.5544,13.7084,13.7084,8403.71,11695.12,0,0.00,3538,2967.13
2011-04-13,11393.84,0.2022,13.9384,13.9384,3448.84,11674.55,140,0.00,0,0.00
2011-04-14,11379.84,-0.1229,13.7984,13.7984,3448.84,11653.98,140,7931.00,0,0.00
2011-04-17,11323.84,-0.4921,13.2384,13.2384,3448.84,11571.69,140,7875.00,0,0.00
2011-04-18,11372.84,0.4327,13.7284,13.7284,3448.84,11643.69,140,7924.00,0,0.00
2011-04-19,11492.79,1.0547,14.9279,14.9279,7727.00,11905.99,0,0.00,4528,0.00
2011-04-20,11818.71,2.8359,18.1871,18.1871,7727.00,12001.65,0,0.00,4528,4091.71
2011-04-24,11920.12,0.8580,19.2012,19.2012,7727.00,12032.50,0,0.00,4528,4193.12
2011-04-25,11953.13,0.2770,19.5313,19.5313,7727.00,12100.39,0,0.00,4528,4226.13
2011-04-26,12019.17,0.5525,20.1917,20.1917,7727.00,12182.68,0,0.00,4528,4292.17
2011-04-27,12112.56,0.7770,21.1256,21.1256,7727.00,12164.16,0,0.00,4528,4385.56
2011-04-28,12093.69,-0.1558,20.9369,20.9369,7727.00,12153.88,0,0.00,4528,4366.69
2011-05-01,12063.98,-0.2457,20.6398,20.6398,7727.00,12131.25,0,0.00,4528,4336.97
2011-05-02,12062.09,-0.0156,20.6209,20.6209,7727.00,12073.65,0,0.00,4528,4335.09
2011-05-03,11999.83,-0.5162,19.9983,19.9983,7727.00,12055.13,0,0.00,4528,4272.83
2011-05-04,11976.25,-0.1965,19.7625,19.7625,7727.00,11989.30,0,0.00,4528,4249.25
2011-05-05,11910.21,-0.5514,19.1021,19.1021,7727.00,12028.39,0,0.00,4528,4183.21
2011-05-08,11893.00,-0.1445,18.9300,18.9300,3617.71,12073.65,141,0.00,0,0.00
2011-05-09,11898.13,0.0431,18.9813,18.9813,7108.46,12176.51,0,0.00,5083,0.00
2011-05-10,11955.46,0.4818,19.5546,19.5546,3612.25,12087.02,142,0.00,0,0.00
2011-05-11,11938.51,-0.1418,19.3851,19.3851,6971.89,12160.05,0,0.00,5258,0.00
2011-05-12,11962.55,0.2014,19.6255,19.6255,3609.92,12016.05,143,0.00,0,0.00
2011-05-15,11817.98,-1.2085,18.1798,18.1798,3609.92,11808.06,143,8208.06,0,0.00
2011-05-16,11841.00,0.1948,18.4100,18.4100,3609.92,11841.18,143,8231.08,0,0.00
2011-05-17,11909.64,0.5797,19.0964,19.0964,3609.92,11939.93,143,8299.72,0,0.00
2011-05-18,11933.95,0.2041,19.3395,19.3395,3609.92,11974.90,143,8324.03,0,0.00
2011-05-19,11870.32,-0.5332,18.7032,18.7032,3609.92,11883.36,143,8260.40,0,0.00
2011-05-22,11749.48,-1.0180,17.4948,17.4948,3609.92,11709.52,143,8139.56,0,0.00
2011-05-23,11699.43,-0.4260,16.9943,16.9943,3609.92,11637.52,143,8089.51,0,0.00
2011-05-24,11730.89,0.2689,17.3089,17.3089,3609.92,11682.78,143,8120.97,0,0.00
2011-05-25,11781.16,0.4285,17.8116,17.8116,3609.92,11755.09,143,8171.23,0,0.00
2011-05-26,11822.41,0.3502,18.2241,18.2241,3609.92,11814.44,143,8212.49,0,0.00
2011-05-30,11955.40,1.1249,19.5540,19.5540,3609.92,12005.76,143,8345.48,0,0.00
2011-05-31,11773.79,-1.5191,17.7379,17.7379,3609.92,11744.50,143,8163.87,0,0.00
2011-06-01,11790.95,0.1457,17.9095,17.9095,3609.92,11769.18,143,8181.03,0,0.00
2011-06-02,11667.97,-1.0430,16.6797,16.6797,3609.92,11592.26,143,8058.05,0,0.00
2011-06-05,11602.19,-0.5638,16.0219,16.0219,3609.92,11497.63,143,7992.27,0,0.00
2011-06-06,11587.89,-0.1233,15.8789,15.8789,3609.92,11477.06,143,7977.97,0,0.00
2011-06-07,11530.69,-0.4936,15.3069,15.3069,3609.92,11394.77,143,7920.77,0,0.00
2011-06-08,11544.28,0.1178,15.4428,15.4428,3609.92,11414.32,143,7934.36,0,0.00
2011-06-09,11423.44,-1.0467,14.2344,14.2344,3609.92,11240.49,143,7813.52,0,0.00
2011-06-12,11423.44,0.0000,14.2344,14.2344,3609.92,11240.49,143,7813.52,0,0.00
2011-06-13,11523.54,0.8763,15.2354,15.2354,3609.92,11384.49,143,7913.62,0,0.00
2011-06-14,11373.39,-1.3030,13.7339,13.7339,3609.92,11168.48,143,7763.47,0,0.00
2011-06-15,11343.36,-0.2640,13.4336,13.4336,3609.92,11125.28,143,7733.44,0,0.00
2011-06-16,11301.89,-0.3656,13.0189,13.0189,3609.92,11065.62,143,7691.97,0,0.00
2011-06-19,11341.93,0.3543,13.4193,13.4193,3609.92,11123.23,143,7732.01,0,0.00
2011-06-20,11507.81,1.4625,15.0781,15.0781,3609.92,11361.86,143,7897.89,0,0.00
2011-06-21,11450.76,-0.4958,14.5076,14.5076,3609.92,11279.78,143,7840.83,0,0.00
2011-06-22,11386.68,-0.5596,13.8668,13.8668,1718.07,11384.49,0,0.00,11785,0.00
2011-06-23,11386.68,0.0000,13.8668,13.8668,1718.07,11187.00,0,0.00,11785,9668.61
2011-06-26,10322.10,-9.3494,3.2210,3.2210,3485.12,11364.95,0,0.00,9181,1842.36
2011-06-27,10647.26,3.1502,6.4726,6.4726,3485.12,11534.66,0,0.00,9181,7162.13
2011-06-28,10966.68,3.0001,9.6668,9.6668,3485.12,11581.98,0,0.00,9181,7481.56
2011-06-29,11052.76,0.7848,10.5276,10.5276,3485.12,11736.27,0,0.00,9181,7567.63
2011-06-30,11354.00,2.7255,13.5400,13.5400,3485.12,11913.19,0,0.00,9181,7868.88
2011-07-04,11725.07,3.2682,17.2507,17.2507,3485.12,11972.85,0,0.00,9181,8239.95
2011-07-05,11830.27,0.8972,18.3027,18.3027,3485.12,12011.93,0,0.00,9181,8345.14
2011-07-06,11908.69,0.6629,19.0869,19.0869,3485.12,12176.51,0,0.00,9181,8423.57
2011-07-07,12272.10,3.0516,22.7210,22.7210,3485.12,12143.59,0,0.00,9181,8786.98
2011-07-10,12195.60,-0.6234,21.9560,21.9560,3485.12,11923.47,0,0.00,9181,8710.47
2011-07-11,11721.24,-3.8896,17.2124,17.2124,3485.12,11832.96,0,0.00,9181,8236.12
2011-07-12,11529.98,-1.6318,15.2998,15.2998,3485.12,11882.33,0,0.00,9181,8044.85
2011-07-13,11618.92,0.7714,16.1892,16.1892,3485.12,11744.50,0,0.00,9181,8133.80
2011-07-14,11334.88,-2.4446,13.3488,13.3488,3485.12,11900.84,0,0.00,9181,7849.76
2011-07-17,11655.26,2.8265,16.5526,16.5526,3485.12,11837.07,0,0.00,9181,8170.14
2011-07-18,11522.33,-1.1405,15.2233,15.2233,3485.12,12106.56,0,0.00,9181,8037.20
2011-07-19,12079.88,4.8389,20.7988,20.7988,3485.12,12055.13,0,0.00,9181,8594.76
2011-07-20,11967.03,-0.9342,19.6703,19.6703,3485.12,12135.36,0,0.00,9181,8481.90
2011-07-21,12143.00,1.4705,21.4300,21.4300,3485.12,12260.85,0,0.00,9181,8657.88
2011-07-24,12415.56,2.2446,24.1556,24.1556,3485.12,12236.17,0,0.00,9181,8930.43
2011-07-25,12355.31,-0.4852,23.5531,23.5531,3485.12,12265.99,0,0.00,9181,8870.19
2011-07-26,12413.65,0.4722,24.1365,24.1365,3485.12,11950.22,0,0.00,9181,8928.52
2011-07-27,11617.45,-6.4139,16.1745,16.1745,3529.04,11970.79,139,0.00,0,0.00
2011-07-28,11591.04,-0.2273,15.9104,15.9104,3529.04,11931.70,139,8062.00,0,0.00
2011-07-31,11553.51,-0.3238,15.5351,15.5351,3529.04,11876.16,139,8024.47,0,0.00
2011-08-01,11350.57,-1.7565,13.5057,13.5057,3529.04,11575.81,139,7821.53,0,0.00
2011-08-02,11425.63,0.6613,14.2563,14.2563,3529.04,11686.90,139,7896.59,0,0.00
2011-08-03,11049.75,-3.2898,10.4975,10.4975,11049.75,11143.80,0,0.00,0,0.00
2011-08-04,11049.75,0.0000,10.4975,10.4975,11049.75,11073.85,0,0.00,0,0.00
2011-08-07,11049.75,0.0000,10.4975,10.4975,11049.75,10407.32,0,0.00,0,0.00
2011-08-08,11049.75,0.0000,10.4975,10.4975,11049.75,10909.28,0,0.00,0,0.00
2011-08-09,11049.75,0.0000,10.4975,10.4975,11049.75,10462.87,0,0.00,0,0.00
2011-08-10,11049.75,0.0000,10.4975,10.4975,11049.75,10923.68,0,0.00,0,0.00
2011-08-11,11049.75,0.0000,10.4975,10.4975,11049.75,11020.37,0,0.00,0,0.00
2011-08-14,11049.75,0.0000,10.4975,10.4975,11049.75,11180.83,0,0.00,0,0.00
2011-08-15,11049.75,0.0000,10.4975,10.4975,11049.75,11088.25,0,0.00,0,0.00
2011-08-16,11049.75,0.0000,10.4975,10.4975,11049.75,11022.42,0,0.00,0,0.00
2011-08-17,11049.75,0.0000,10.4975,10.4975,11049.75,10481.38,0,0.00,0,0.00
2011-08-18,11049.75,0.0000,10.4975,10.4975,11049.75,10292.12,0,0.00,0,0.00
2011-08-21,11049.75,0.0000,10.4975,10.4975,11049.75,10329.15,0,0.00,0,0.00
2011-08-22,11049.75,0.0000,10.4975,10.4975,11049.75,10754.99,0,0.00,0,0.00
2011-08-23,11049.75,0.0000,10.4975,10.4975,11049.75,10839.33,0,0.00,0,0.00
2011-08-24,11049.75,0.0000,10.4975,10.4975,11049.75,10662.42,0,0.00,0,0.00
2011-08-25,11049.75,0.0000,10.4975,10.4975,11049.75,10929.85,0,0.00,0,0.00
2011-08-28,11027.06,-0.2053,10.2706,10.2706,9647.46,11234.31,0,0.00,2131,0.00
2011-08-29,11145.82,1.0770,11.4582,11.4582,9647.46,11308.37,0,0.00,2131,1498.36
2011-08-30,11173.57,0.2490,11.7357,11.7357,9647.46,11326.89,0,0.00,2131,1526.11
2011-08-31,11180.45,0.0616,11.8045,11.8045,9647.46,11224.03,0,0.00,2131,1532.99
2011-09-01,11112.37,-0.6089,11.1237,11.1237,11112.37,10960.71,0,0.00,0,0.00
2011-09-05,11112.37,0.0000,11.1237,11.1237,11112.37,10962.76,0,0.00,0,0.00
2011-09-06,11082.33,-0.2703,10.8233,10.8233,9250.15,11240.49,0,0.00,2821,0.00
2011-09-07,11225.14,1.2887,12.2514,12.2514,9250.15,11189.06,0,0.00,2821,1974.99
2011-09-08,11169.42,-0.4964,11.6942,11.6942,11169.42,10940.14,0,0.00,0,0.00
2011-09-11,11169.42,0.0000,11.6942,11.6942,11169.42,11080.02,0,0.00,0,0.00
2011-09-12,11136.76,-0.2924,11.3676,11.3676,9089.40,11226.09,0,0.00,3061,0.00
2011-09-13,11217.43,0.7244,12.1743,12.1743,9089.40,11388.60,0,0.00,3061,2128.03
2011-09-14,11309.58,0.8215,13.0958,13.0958,9089.40,11557.29,0,0.00,3061,2220.18
2011-09-15,11409.70,0.8853,14.0970,14.0970,9089.40,11641.64,0,0.00,3061,2320.30
2011-09-18,11469.00,0.5198,14.6900,14.6900,9089.40,11645.75,0,0.00,3061,2379.61
2011-09-19,11476.98,0.0695,14.7698,14.7698,9089.40,11594.32,0,0.00,3061,2387.58
2011-09-20,11437.44,-0.3445,14.3744,14.3744,9089.40,11392.72,0,0.00,3061,2348.04
2011-09-21,11288.53,-1.3019,12.8853,12.8853,11288.53,11022.42,0,0.00,0,0.00
2011-09-22,11288.53,0.0000,12.8853,12.8853,11288.53,11139.68,0,0.00,0,0.00
2011-09-25,11279.21,-0.0826,12.7921,12.7921,3390.89,11269.29,144,0.00,0,0.00
2011-09-26,11322.90,0.3874,13.2290,13.2290,9420.11,11386.55,0,0.00,2707,0.00
2011-09-27,11343.79,0.1845,13.4379,13.4379,11343.79,11217.86,0,0.00,0,0.00
2011-09-28,11343.79,0.0000,13.4379,13.4379,11343.79,11084.14,0,0.00,0,0.00
2011-09-29,11343.79,0.0000,13.4379,13.4379,11343.79,10798.19,0,0.00,0,0.00
2011-10-02,11343.79,0.0000,13.4379,13.4379,11343.79,10520.47,0,0.00,0,0.00
2011-10-03,11343.79,0.0000,13.4379,13.4379,11343.79,10736.47,0,0.00,0,0.00
2011-10-04,11343.79,0.0000,13.4379,13.4379,11343.79,11012.14,0,0.00,0,0.00
2011-10-05,11343.79,0.0000,13.4379,13.4379,11343.79,11197.28,0,0.00,0,0.00
2011-10-06,11343.79,0.0000,13.4379,13.4379,11343.79,11123.23,0,0.00,0,0.00
2011-10-09,11316.19,-0.2433,13.1619,13.1619,9588.83,11507.92,0,0.00,2587,0.00
2011-10-10,11316.19,0.0000,13.1619,13.1619,9588.83,11586.09,0,0.00,2587,1727.36
2011-10-11,11535.28,1.9361,15.3528,15.3528,9588.83,11643.69,0,0.00,2587,1946.45
2011-10-12,11566.27,0.2687,15.6627,15.6627,9588.83,11750.67,0,0.00,2587,1977.44
2011-10-13,11616.93,0.4380,16.1693,16.1693,9588.83,11968.73,0,0.00,2587,2028.10
2011-10-16,11616.93,0.0000,16.1693,16.1693,9588.83,11783.58,0,0.00,2587,2028.10
2011-10-17,11632.56,0.1346,16.3256,16.3256,9588.83,11929.64,0,0.00,2587,2043.73
2011-10-18,11712.06,0.6834,17.1206,17.1206,9588.83,11699.24,0,0.00,2587,2123.23
2011-10-19,11582.98,-1.1021,15.8298,15.8298,9588.83,11641.64,0,0.00,2587,1994.14
2011-10-20,11555.49,-0.2373,15.5549,15.5549,9588.83,11787.70,0,0.00,2587,1966.66
2011-10-23,11631.21,0.6553,16.3121,16.3121,9588.83,12032.50,0,0.00,2587,2042.38
2011-10-24,11758.41,1.0936,17.5841,17.5841,9588.83,11795.93,0,0.00,2587,2169.58
2011-10-25,11625.82,-1.1276,16.2582,16.2582,9588.83,11781.53,0,0.00,2587,2036.99
2011-10-26,11622.86,-0.0255,16.2286,16.2286,9588.83,12106.56,0,0.00,2587,2034.03
2011-10-27,11792.63,1.4607,17.9263,17.9263,9588.83,12125.08,0,0.00,2587,2203.80
2011-10-30,11796.94,0.0366,17.9694,17.9694,9588.83,11921.42,0,0.00,2587,2208.11
2011-10-31,11645.42,-1.2844,16.4542,16.4542,3518.06,11610.78,144,0.00,0,0.00
2011-11-01,11714.54,0.5935,17.1454,17.1454,3518.06,11709.52,144,8196.48,0,0.00
2011-11-02,11884.46,1.4505,18.8446,18.8446,3518.06,11952.27,144,8366.40,0,0.00
2011-11-03,11841.26,-0.3635,18.4126,18.4126,3518.06,11890.56,144,8323.20,0,0.00
2011-11-06,11900.30,0.4986,19.0030,19.0030,3518.06,11974.90,144,8382.24,0,0.00
2011-11-07,11996.78,0.8107,19.9678,19.9678,3518.06,12112.73,144,8478.72,0,0.00
2011-11-08,11698.70,-2.4847,16.9870,16.9870,3518.06,11686.90,144,8180.64,0,0.00
2011-11-09,11694.38,-0.0369,16.9438,16.9438,3518.06,11680.72,144,8176.32,0,0.00
2011-11-10,11848.46,1.3176,18.4846,18.4846,3518.06,11900.84,144,8330.40,0,0.00
2011-11-13,11796.62,-0.4375,17.9662,17.9662,3518.06,11826.78,144,8278.56,0,0.00
2011-11-14,11888.78,0.7812,18.8878,18.8878,3518.06,11958.44,144,8370.72,0,0.00
2011-11-15,11750.54,-1.1628,17.5054,17.5054,3518.06,11760.95,144,8232.48,0,0.00
2011-11-16,11557.58,-1.6421,15.5758,15.5758,3518.06,11485.29,144,8039.52,0,0.00
2011-11-17,11486.24,-0.6172,14.8624,14.8624,11486.24,11396.83,0,0.00,0,0.00
2011-11-20,11486.24,0.0000,14.8624,14.8624,11486.24,11178.77,0,0.00,0,0.00
2011-11-21,11486.24,0.0000,14.8624,14.8624,11486.24,11215.80,0,0.00,0,0.00
2011-11-22,11486.24,0.0000,14.8624,14.8624,11486.24,10962.76,0,0.00,0,0.00
2011-11-24,11486.24,0.0000,14.8624,14.8624,11486.24,10878.42,0,0.00,0,0.00
2011-11-27,11486.24,0.0000,14.8624,14.8624,11486.24,11256.94,0,0.00,0,0.00
2011-11-28,11486.24,0.0000,14.8624,14.8624,11486.24,11187.00,0,0.00,0,0.00
2011-11-29,11476.82,-0.0821,14.7682,14.7682,3469.44,11600.49,142,0.00,0,0.00
2011-11-30,11532.20,0.4825,15.3220,15.3220,3469.44,11680.72,142,8062.76,0,0.00
2011-12-01,11470.16,-0.5380,14.7016,14.7016,9400.09,11647.81,0,0.00,2779,0.00
2011-12-04,11450.76,-0.1691,14.5076,14.5076,9400.09,11775.35,0,0.00,2779,2050.67
2011-12-05,11517.34,0.5814,15.1734,15.1734,9400.09,11742.44,0,0.00,2779,2117.25
2011-12-06,11502.29,-0.1307,15.0229,15.0229,9400.09,11742.44,0,0.00,2779,2102.20
2011-12-07,11499.97,-0.0201,14.9997,14.9997,9400.09,11544.95,0,0.00,2779,2099.88
2011-12-08,11396.92,-0.8961,13.9692,13.9692,9400.09,11730.10,0,0.00,2779,1996.83
2011-12-11,11491.29,0.8280,14.9129,14.9129,9400.09,11598.44,0,0.00,2779,2091.20
2011-12-12,11389.69,-0.8841,13.8969,13.8969,11389.69,11470.89,0,0.00,0,0.00
2011-12-13,11389.69,0.0000,13.8969,13.8969,11389.69,11291.92,0,0.00,0,0.00
2011-12-14,11389.69,0.0000,13.8969,13.8969,11389.69,11261.06,0,0.00,0,0.00
2011-12-15,11389.69,0.0000,13.8969,13.8969,11389.69,11285.74,0,0.00,0,0.00
2011-12-18,11389.69,0.0000,13.8969,13.8969,11389.69,11174.66,0,0.00,0,0.00
2011-12-19,11380.33,-0.0822,13.8033,13.8033,3438.27,11505.86,142,0.00,0,0.00
2011-12-20,11257.48,-1.0795,12.5748,12.5748,11257.48,11341.29,0,0.00,0,0.00
2011-12-21,11257.48,0.0000,12.5748,12.5748,11257.48,11437.98,0,0.00,0,0.00
2011-12-22,11216.32,-0.3656,12.1632,12.1632,8526.22,11536.72,0,0.00,3847,0.00
2011-12-26,11216.32,0.0000,12.1632,12.1632,8526.22,11569.64,0,0.00,3847,2690.10
2011-12-27,11268.83,0.4682,12.6883,12.6883,11268.83,11435.92,0,0.00,0,0.00
2011-12-28,11224.30,-0.3952,12.2430,12.2430,8314.53,11518.21,0,0.00,4163,0.00
2011-12-29,11248.21,0.2130,12.4821,12.4821,11248.21,11485.29,0,0.00,0,0.00
2012-01-02,11199.87,-0.4298,11.9987,11.9987,8000.10,11705.41,0,0.00,4514,0.00
2012-01-03,11386.07,1.6625,13.8607,13.8607,8000.10,11754.78,0,0.00,4514,3385.97
2012-01-04,11420.39,0.3015,14.2039,14.2039,8000.10,11851.47,0,0.00,4514,3420.29
2012-01-05,11505.50,0.7453,15.0550,15.0550,8000.10,11892.61,0,0.00,4514,3505.41
2012-01-08,11537.48,0.2779,15.3748,15.3748,8000.10,11853.53,0,0.00,4514,3537.38
2012-01-09,11513.49,-0.2079,15.1349,15.1349,8000.10,11939.93,0,0.00,4514,3513.40
2012-01-10,11588.26,0.6494,15.8826,15.8826,8000.10,11964.62,0,0.00,4514,3588.16
2012-01-11,11609.89,0.1866,16.0989,16.0989,8000.10,12011.93,0,0.00,4514,3609.79
2012-01-12,11654.56,0.3848,16.5456,16.5456,8000.10,11968.73,0,0.00,4514,3654.46
2012-01-16,11608.48,-0.3954,16.0848,16.0848,8000.10,12077.76,0,0.00,4514,3608.38
2012-01-17,11704.87,0.8304,17.0487,17.0487,8000.10,12238.22,0,0.00,4514,3704.77
2012-01-18,11704.87,0.0000,17.0487,17.0487,8000.10,12314.34,0,0.00,4514,3704.77
2012-01-19,11931.51,1.9363,19.3151,19.3151,8000.10,12295.82,0,0.00,4514,3931.41
2012-01-22,11909.41,-0.1852,19.0941,19.0941,8000.10,12299.94,0,0.00,4514,3909.31
2012-01-23,11909.88,0.0039,19.0988,19.0988,8000.10,12277.31,0,0.00,4514,3909.78
2012-01-24,11893.42,-0.1382,18.9342,18.9342,8000.10,12431.60,0,0.00,4514,3893.32
2012-01-25,12044.83,1.2730,20.4483,20.4483,8000.10,12388.40,0,0.00,4514,4044.73
2012-01-26,11991.70,-0.4411,19.9170,19.9170,8000.10,12425.43,0,0.00,4514,3991.60
2012-01-29,12026.02,0.2862,20.2602,20.2602,8000.10,12435.71,0,0.00,4514,4025.92
2012-01-30,12043.42,0.1447,20.4342,20.4342,8000.10,12452.17,0,0.00,4514,4043.32
2012-01-31,12056.12,0.1054,20.5612,20.5612,8000.10,12552.97,0,0.00,4514,4056.02
2012-02-01,12155.80,0.8268,21.5580,21.5580,8000.10,12592.06,0,0.00,4514,4155.70
2012-02-02,12193.89,0.3133,21.9389,21.9389,8000.10,12764.86,0,0.00,4514,4193.79
2012-02-05,12366.45,1.4152,23.6645,23.6645,8000.10,12754.58,0,0.00,4514,4366.36
2012-02-06,12362.22,-0.0342,23.6222,23.6222,8000.10,12781.32,0,0.00,4514,4362.12
2012-02-07,12381.97,0.1598,23.8197,23.8197,8000.10,12849.21,0,0.00,4514,4381.87
2012-02-08,12381.97,0.0000,23.8197,23.8197,8000.10,12941.78,0,0.00,4514,4381.87
2012-02-09,12548.89,1.3481,25.4889,25.4889,8000.10,12852.29,0,0.00,4514,4548.79
2012-02-12,12459.56,-0.7119,24.5956,24.5956,8000.10,12970.58,0,0.00,4514,4459.46
2012-02-13,12578.52,0.9548,25.7852,25.7852,8000.10,13003.50,0,0.00,4514,4578.42
2012-02-14,12617.55,0.3103,26.1755,26.1755,8000.10,12912.98,0,0.00,4514,4617.45
2012-02-15,12514.57,-0.8161,25.1457,25.1457,8000.10,13089.90,0,0.00,4514,4514.47
2012-02-16,12706.88,1.5367,27.0688,27.0688,8000.10,13048.76,0,0.00,4514,4706.78
2012-02-20,12663.16,-0.3441,26.6316,26.6316,8000.10,13085.78,0,0.00,4514,4663.06
2012-02-21,12636.51,-0.2104,26.3651,26.3651,3835.03,13026.13,139,0.00,0,0.00
2012-02-22,12694.89,0.4620,26.9489,26.9489,3835.03,13112.53,139,8859.86,0,0.00
2012-02-23,12725.47,0.2409,27.2547,27.2547,3835.03,13157.79,139,8890.44,0,0.00
2012-02-26,12737.98,0.0983,27.3798,27.3798,3835.03,13176.30,139,8902.95,0,0.00
2012-02-27,12828.33,0.7093,28.2833,28.2833,3835.03,13310.02,139,8993.30,0,0.00
2012-02-28,12788.02,-0.3142,27.8802,27.8802,3835.03,13250.36,139,8952.99,0,0.00
2012-02-29,12858.91,0.5543,28.5891,28.5891,3835.03,13355.28,139,9023.88,0,0.00
2012-03-01,12851.96,-0.0540,28.5196,28.5196,3835.03,13344.99,139,9016.93,0,0.00
2012-03-04,12758.83,-0.7246,27.5883,27.5883,3835.03,13207.16,139,8923.80,0,0.00
2012-03-05,12671.26,-0.6863,26.7126,26.7126,3835.03,13077.56,139,8836.23,0,0.00
2012-03-06,12739.37,0.5375,27.3937,27.3937,3835.03,13178.36,139,8904.34,0,0.00
2012-03-07,12835.28,0.7529,28.3528,28.3528,3835.03,13320.30,139,9000.25,0,0.00
2012-03-08,12872.81,0.2924,28.7281,28.7281,3835.03,13375.85,139,9037.78,0,0.00
2012-03-11,12876.98,0.0324,28.7698,28.7698,3835.03,13382.02,139,9041.95,0,0.00
2012-03-12,13045.17,1.3061,30.4517,30.4517,3835.03,13630.94,139,9210.14,0,0.00
2012-03-13,13010.17,-0.2683,30.1017,30.1017,7101.46,13678.26,0,0.00,5043,0.00
2012-03-14,13077.94,0.5208,30.7794,30.7794,7101.46,13717.34,0,0.00,5043,5976.48
2012-03-15,13123.64,0.3495,31.2364,31.2364,7101.46,13684.43,0,0.00,5043,6022.18
2012-03-18,13110.51,-0.1001,31.1051,31.1051,7101.46,13781.11,0,0.00,5043,6009.05
2012-03-19,13246.56,1.0378,32.4656,32.4656,7101.46,13805.80,0,0.00,5043,6145.11
2012-03-20,13276.50,0.2260,32.7650,32.7650,7101.46,13807.86,0,0.00,5043,6175.05
2012-03-21,13271.78,-0.0356,32.7178,32.7178,7101.46,13779.06,0,0.00,5043,6170.32
2012-03-22,13234.48,-0.2810,32.3448,32.3448,7101.46,13770.62,0,0.00,5043,6133.02
2012-03-25,13215.57,-0.1429,32.1557,32.1557,7101.46,14011.52,0,0.00,5043,6114.11
2012-03-26,13546.52,2.5042,35.4652,35.4652,7101.46,14032.09,0,0.00,5043,6445.06
2012-03-27,13574.88,0.2094,35.7488,35.7488,7101.46,13976.14,0,0.00,5043,6473.43
2012-03-28,13496.61,-0.5766,34.9661,34.9661,7101.46,13923.06,0,0.00,5043,6395.15
2012-03-29,13366.63,-0.9630,33.6663,33.6663,4044.73,13896.32,138,0.00,0,0.00
2012-04-01,13463.23,0.7227,34.6323,34.6323,4044.73,14040.32,138,9418.50,0,0.00
2012-04-02,13460.47,-0.0205,34.6047,34.6047,4044.73,14036.21,138,9415.74,0,0.00
2012-04-03,13332.13,-0.9535,33.3213,33.3213,4044.73,13844.89,138,9287.40,0,0.00
2012-04-04,13390.09,0.4347,33.9009,33.9009,4044.73,13931.29,138,9345.36,0,0.00
2012-04-08,13319.71,-0.5256,33.1971,33.1971,4044.73,13826.37,138,9274.98,0,0.00
2012-04-09,13170.67,-1.1189,31.7067,31.7067,4044.73,13604.20,138,9125.94,0,0.00
2012-04-10,13214.83,0.3353,32.1483,32.1483,4044.73,13670.03,138,9170.10,0,0.00
2012-04-11,13319.02,0.7884,33.1902,33.1902,4044.73,13825.34,138,9274.29,0,0.00
2012-04-12,13178.95,-1.0517,31.7895,31.7895,4044.73,13616.54,138,9134.22,0,0.00
2012-04-15,13076.83,-0.7749,30.7683,30.7683,4044.73,13464.31,138,9032.10,0,0.00
2012-04-16,13260.37,1.4036,32.6037,32.6037,4044.73,13737.91,138,9215.64,0,0.00
2012-04-17,13236.91,-0.1769,32.3691,32.3691,4044.73,13702.94,138,9192.18,0,0.00
2012-04-18,13133.41,-0.7819,31.3341,31.3341,4044.73,13548.65,138,9088.68,0,0.00
2012-04-19,13108.57,-0.1891,31.0857,31.0857,4044.73,13511.62,138,9063.84,0,0.00
2012-04-22,13025.77,-0.6316,30.2577,30.2577,4044.73,13388.19,138,8981.04,0,0.00
2012-04-23,12977.47,-0.3708,29.7747,29.7747,4044.73,13316.19,138,8932.74,0,0.00
2012-04-24,13214.83,1.8290,32.1483,32.1483,4044.73,13670.03,138,9170.10,0,0.00
2012-04-25,13268.65,0.4073,32.6865,32.6865,4044.73,13750.26,138,9223.92,0,0.00
2012-04-26,13323.85,0.4160,33.2385,33.2385,4044.73,13832.54,138,9279.12,0,0.00
2012-04-29,13257.61,-0.4972,32.5761,32.5761,4044.73,13733.80,138,9212.88,0,0.00
2012-04-30,13225.26,-0.2440,32.2526,32.2526,9285.19,13756.43,0,0.00,3298,0.00
2012-05-01,13239.35,0.1065,32.3935,32.3935,9285.19,13795.52,0,0.00,3298,3954.16
2012-05-02,13273.36,0.2569,32.7336,32.7336,9285.19,13649.45,0,0.00,3298,3988.18
2012-05-03,13098.19,-1.3197,30.9819,30.9819,3975.49,13310.02,141,0.00,0,0.00
2012-05-06,13106.65,0.0646,31.0665,31.0665,3975.49,13322.36,141,9131.16,0,0.00
2012-05-07,13072.81,-0.2582,30.7281,30.7281,3975.49,13272.99,141,9097.32,0,0.00
2012-05-08,13044.75,-0.2146,30.4475,30.4475,3975.49,13232.05,141,9069.26,0,0.00
2012-05-09,13026.28,-0.1416,30.2628,30.2628,3975.49,13205.10,141,9050.79,0,0.00
2012-05-10,13024.87,-0.0108,30.2487,30.2487,3975.49,13203.04,141,9049.38,0,0.00
2012-05-13,12940.27,-0.6495,29.4027,29.4027,3975.49,13079.61,141,8964.78,0,0.00
2012-05-14,12910.66,-0.2288,29.1066,29.1066,3975.49,13036.41,141,8935.17,0,0.00
2012-05-15,12850.03,-0.4696,28.5003,28.5003,3975.49,12947.95,141,8874.54,0,0.00
2012-05-16,12662.50,-1.4594,26.6250,26.6250,3975.49,12674.35,141,8687.01,0,0.00
2012-05-17,12549.70,-0.8908,25.4970,25.4970,3975.49,12509.77,141,8574.21,0,0.00
2012-05-20,12789.40,1.9100,27.8940,27.8940,3975.49,12859.49,141,8813.91,0,0.00
2012-05-21,12779.53,-0.0772,27.7953,27.7953,3975.49,12845.09,141,8804.04,0,0.00
2012-05-22,12796.45,0.1324,27.9645,27.9645,3975.49,12869.78,141,8820.96,0,0.00
2012-05-23,12738.64,-0.4518,27.3864,27.3864,3975.49,12785.44,141,8763.15,0,0.00
2012-05-24,12727.36,-0.0885,27.2736,27.2736,3975.49,12768.98,141,8751.87,0,0.00
2012-05-28,12838.75,0.8752,28.3875,28.3875,3975.49,12931.50,141,8863.26,0,0.00
2012-05-29,12716.78,-0.9501,27.1678,27.1678,9390.55,12822.46,0,0.00,3372,0.00
2012-05-30,12636.10,-0.6344,26.3610,26.3610,9390.55,12766.92,0,0.00,3372,3245.55
2012-05-31,12552.82,-0.6591,25.5282,25.5282,12552.82,12427.28,0,0.00,0,0.00
2012-06-03,12542.61,-0.0813,25.4261,25.4261,3777.33,12522.11,144,0.00,0,0.00
2012-06-04,12578.61,0.2870,25.7861,25.7861,3777.33,12573.54,144,8801.28,0,0.00
2012-06-05,12729.46,1.1993,27.2946,27.2946,9383.82,12861.55,0,0.00,3696,0.00
2012-06-06,12958.15,1.7965,29.5815,29.5815,9383.82,12810.12,0,0.00,3696,3574.34
2012-06-07,12918.12,-0.3090,29.1812,29.1812,9383.82,12933.55,0,0.00,3696,3534.30
2012-06-10,13022.07,0.8047,30.2207,30.2207,9383.82,12714.46,0,0.00,3696,3638.25
2012-06-11,12848.05,-1.3363,28.4805,28.4805,9383.82,12869.78,0,0.00,3696,3464.23
2012-06-12,12957.39,0.8510,29.5739,29.5739,9383.82,12781.32,0,0.00,3696,3573.57
2012-06-13,12887.32,-0.5408,28.8732,28.8732,9383.82,12828.64,0,0.00,3696,3503.50
2012-06-14,12926.59,0.3047,29.2659,29.2659,9383.82,12958.24,0,0.00,3696,3542.77
2012-06-17,13057.48,1.0126,30.5748,30.5748,9383.82,13079.61,0,0.00,3696,3673.67
2012-06-18,13152.19,0.7253,31.5219,31.5219,9383.82,13215.18,0,0.00,3696,3768.38
2012-06-19,13276.17,0.9426,32.7617,32.7617,9383.82,13225.67,0,0.00,3696,3892.35
2012-06-20,13290.03,0.1044,32.9003,32.9003,9383.82,12896.52,0,0.00,3696,3906.21
2012-06-21,12997.42,-2.2017,29.9742,29.9742,9383.82,13032.30,0,0.00,3696,3613.61
2012-06-24,13109.85,0.8650,31.0985,31.0985,9383.82,12781.32,0,0.00,3696,3726.03
2012-06-25,12888.78,-1.6863,28.8878,28.8878,9383.82,12861.55,0,0.00,3696,3504.96
2012-06-26,12956.92,0.5287,29.5692,29.5692,9383.82,12939.72,0,0.00,3696,3573.11
2012-06-27,13022.07,0.5028,30.2207,30.2207,9383.82,12795.72,0,0.00,3696,3638.25
2012-06-28,12891.16,-1.0052,28.9116,28.9116,9383.82,13198.93,0,0.00,3696,3507.35
2012-07-01,12891.16,0.0000,28.9116,28.9116,9383.82,13238.02,0,0.00,3696,3507.35
2012-07-02,13264.62,2.8970,32.6462,32.6462,9383.82,13349.11,0,0.00,3696,3880.80
2012-07-04,13357.02,0.6966,33.5702,33.5702,9383.82,13357.33,0,0.00,3696,3973.20
2012-07-05,13370.88,0.1038,33.7088,33.7088,9383.82,13190.70,0,0.00,3696,3987.06
2012-07-08,13213.80,-1.1748,32.1380,32.1380,9383.82,13166.02,0,0.00,3696,3829.98
2012-07-09,13200.70,-0.0991,32.0070,32.0070,9383.82,13036.41,0,0.00,3696,3816.89
2012-07-10,13083.67,-0.8866,30.8367,30.8367,9383.82,12964.41,0,0.00,3696,3699.85
2012-07-11,12981.74,-0.7791,29.8174,29.8174,3929.39,12843.04,145,0.00,0,0.00
2012-07-12,13119.49,1.0611,31.1949,31.1949,3929.39,13038.47,145,9190.10,0,0.00
2012-07-15,13093.39,-0.1989,30.9339,30.9339,3929.39,13001.44,145,9164.00,0,0.00
2012-07-16,13141.24,0.3655,31.4124,31.4124,3929.39,13069.33,145,9211.85,0,0.00
2012-07-17,13213.58,0.5505,32.1358,32.1358,9406.66,13246.25,0,0.00,3776,0.00
2012-07-18,13368.32,1.1710,33.6832,33.6832,9406.66,13392.31,0,0.00,3776,3961.65
2012-07-19,13497.33,0.9650,34.9733,34.9733,9406.66,13214.36,0,0.00,3776,4090.67
2012-07-22,13340.00,-1.1656,33.4000,33.4000,9406.66,13054.93,0,0.00,3776,3933.33
2012-07-23,13142.26,-1.4823,31.4226,31.4226,3950.10,12952.07,146,0.00,0,0.00
2012-07-24,13080.94,-0.4666,30.8094,30.8094,3950.10,12865.67,146,9130.84,0,0.00
2012-07-25,13202.12,0.9264,32.0212,32.0212,3950.10,13036.41,146,9252.02,0,0.00
2012-07-26,13372.84,1.2931,33.7284,33.7284,9990.00,13344.99,0,0.00,3397,0.00
2012-07-29,13629.03,1.9158,36.2903,36.2903,9990.00,13334.70,0,0.00,3397,3639.04
2012-07-30,13607.09,-0.1610,36.0709,36.0709,9990.00,13330.59,0,0.00,3397,3617.10
2012-07-31,13609.22,0.0156,36.0922,36.0922,9990.00,13291.50,0,0.00,3397,3619.22
2012-08-01,13573.83,-0.2600,35.7383,35.7383,9990.00,13244.19,0,0.00,3397,3583.84
2012-08-02,13536.32,-0.2763,35.3632,35.3632,9990.00,13495.17,0,0.00,3397,3546.33
2012-08-05,13738.02,1.4900,37.3802,37.3802,9990.00,13598.03,0,0.00,3397,3748.02
2012-08-06,13822.24,0.6130,38.2224,38.2224,9990.00,13711.17,0,0.00,3397,3832.24
2012-08-07,13917.07,0.6861,39.1707,39.1707,9990.00,13705.00,0,0.00,3397,3927.07
2012-08-08,13910.70,-0.0458,39.1070,39.1070,9990.00,13746.14,0,0.00,3397,3920.71
2012-08-09,13943.96,0.2391,39.4396,39.4396,9990.00,13754.37,0,0.00,3397,3953.97
2012-08-12,13960.24,0.1167,39.6024,39.6024,9990.00,13787.29,0,0.00,3397,3970.24
2012-08-13,13984.30,0.1724,39.8430,39.8430,9990.00,13793.46,0,0.00,3397,3994.30
2012-08-14,13989.96,0.0405,39.8996,39.8996,9990.00,13828.43,0,0.00,3397,3999.97
2012-08-15,14018.27,0.2023,40.1827,40.1827,9990.00,13993.01,0,0.00,3397,4028.27
2012-08-16,14162.64,1.0299,41.6264,41.6264,9990.00,14054.72,0,0.00,3397,4172.65
2012-08-19,14219.97,0.4048,42.1997,42.1997,9990.00,14075.29,0,0.00,3397,4229.97
2012-08-20,14236.25,0.1145,42.3625,42.3625,9990.00,14019.75,0,0.00,3397,4246.25
2012-08-21,14187.41,-0.3430,41.8741,41.8741,9990.00,14077.35,0,0.00,3397,4197.42
2012-08-22,14232.71,0.3192,42.3271,42.3271,9990.00,13962.15,0,0.00,3397,4242.71
2012-08-23,14138.58,-0.6613,41.3858,41.3858,9990.00,14048.55,0,0.00,3397,4148.59
2012-08-26,14212.18,0.5206,42.1218,42.1218,9990.00,14071.18,0,0.00,3397,4222.19
2012-08-27,14232.71,0.1444,42.3271,42.3271,9990.00,14071.18,0,0.00,3397,4242.71
2012-08-28,14182.42,-0.3533,41.8242,41.8242,4264.42,14071.18,145,0.00,0,0.00
2012-08-29,14082.37,-0.7055,40.8237,40.8237,4264.42,13929.23,145,9817.95,0,0.00
2012-08-30,14147.62,0.4633,41.4762,41.4762,4264.42,14021.81,145,9883.20,0,0.00
2012-09-03,14137.47,-0.0717,41.3747,41.3747,4264.42,14007.41,145,9873.05,0,0.00
2012-09-04,14127.32,-0.0718,41.2732,41.2732,4264.42,13993.01,145,9862.90,0,0.00
2012-09-05,14346.27,1.5498,43.4627,43.4627,4264.42,14303.64,145,10081.85,0,0.00
2012-09-06,14331.77,-0.1011,43.3177,43.3177,4264.42,14283.07,145,10067.35,0,0.00
2012-09-09,14202.72,-0.9004,42.0272,42.0272,4264.42,14099.98,145,9938.30,0,0.00
2012-09-10,14186.77,-0.1123,41.8677,41.8677,4264.42,14077.35,145,9922.35,0,0.00
2012-09-11,14216.06,0.2065,42.1606,42.1606,4264.42,14118.91,145,9951.64,0,0.00
2012-09-12,14350.62,0.9465,43.5062,43.5062,4264.42,14309.81,145,10086.20,0,0.00
2012-09-13,14377.54,0.1876,43.7754,43.7754,8432.52,14437.36,0,0.00,4541,0.00
2012-09-16,14529.76,1.0587,45.2976,45.2976,8432.52,14443.53,0,0.00,4541,6097.24
2012-09-17,14541.11,0.0781,45.4111,45.4111,8432.52,14455.87,0,0.00,4541,6108.59
2012-09-18,14552.46,0.0781,45.5246,45.5246,8432.52,14482.62,0,0.00,4541,6119.94
2012-09-19,14593.14,0.2796,45.9314,45.9314,8432.52,14468.22,0,0.00,4541,6160.62
2012-09-20,14578.95,-0.0972,45.7895,45.7895,8432.52,14431.19,0,0.00,4541,6146.43
2012-09-23,14515.84,-0.4329,45.1584,45.1584,4404.26,14345.81,145,0.00,0,0.00
2012-09-24,14374.46,-0.9739,43.7446,43.7446,4404.26,14145.24,145,9970.20,0,0.00
2012-09-25,14293.26,-0.5649,42.9326,42.9326,4404.26,14030.03,145,9889.00,0,0.00
2012-09-26,14429.56,0.9536,44.2956,44.2956,4404.26,14223.41,145,10025.30,0,0.00
2012-09-27,14346.91,-0.5728,43.4691,43.4691,4404.26,14106.15,145,9942.65,0,0.00
2012-09-30,14332.41,-0.1011,43.3241,43.3241,4404.26,14085.58,145,9928.15,0,0.00
2012-10-01,14361.41,0.2023,43.6141,43.6141,4404.26,14126.72,145,9957.15,0,0.00
2012-10-02,14425.21,0.4442,44.2521,44.2521,4404.26,14217.24,145,10020.95,0,0.00
2012-10-03,14460.01,0.2412,44.6001,44.6001,4404.26,14266.61,145,10055.75,0,0.00
2012-10-04,14406.36,-0.3710,44.0636,44.0636,4404.26,14190.50,145,10002.10,0,0.00
2012-10-07,14315.01,-0.6341,43.1501,43.1501,4404.26,14060.89,145,9910.75,0,0.00
2012-10-08,14156.84,-1.1049,41.5684,41.5684,4404.26,13836.49,145,9752.58,0,0.00
2012-10-09,14107.66,-0.3474,41.0766,41.0766,4404.26,13766.71,145,9703.40,0,0.00
2012-10-10,14077.21,-0.2158,40.7721,40.7721,4404.26,13723.51,145,9672.95,0,0.00
2012-10-11,14072.86,-0.0309,40.7286,40.7286,4404.26,13717.34,145,9668.60,0,0.00
2012-10-14,14143.91,0.5049,41.4391,41.4391,4404.26,13818.14,145,9739.65,0,0.00
2012-10-15,14281.66,0.9739,42.8166,42.8166,4404.26,14013.58,145,9877.40,0,0.00
2012-10-16,14275.86,-0.0406,42.7586,42.7586,4404.26,14005.35,145,9871.60,0,0.00
2012-10-17,14161.31,-0.8024,41.6131,41.6131,4404.26,13842.83,145,9757.05,0,0.00
2012-10-18,13927.86,-1.6485,39.2786,39.2786,4404.26,13511.62,145,9523.60,0,0.00
2012-10-21,13977.16,0.3540,39.7716,39.7716,4404.26,13581.57,145,9572.90,0,0.00
2012-10-22,13885.81,-0.6536,38.8581,38.8581,4404.26,13451.96,145,9481.55,0,0.00
2012-10-23,13853.04,-0.2360,38.5304,38.5304,4404.26,13405.47,145,9448.78,0,0.00
2012-10-24,13852.46,-0.0042,38.5246,38.5246,4404.26,13404.65,145,9448.20,0,0.00
2012-10-25,13880.01,0.1989,38.8001,38.8001,4404.26,13443.74,145,9475.75,0,0.00
2012-10-30,13822.01,-0.4179,38.2201,38.2201,4404.26,13361.45,145,9417.75,0,0.00
2012-10-31,13955.83,0.9682,39.5583,39.5583,4404.26,13551.31,145,9551.57,0,0.00
2012-11-01,13853.91,-0.7303,38.5391,38.5391,4404.26,13406.71,145,9449.65,0,0.00
2012-11-04,13916.26,0.4501,39.1626,39.1626,4404.26,13495.17,145,9512.00,0,0.00
2012-11-05,13933.66,0.1250,39.3366,39.3366,4404.26,13519.85,145,9529.40,0,0.00
2012-11-06,13708.91,-1.6130,37.0891,37.0891,4404.26,13200.99,145,9304.65,0,0.00
2012-11-07,13551.85,-1.1457,35.5185,35.5185,13551.85,12993.21,0,0.00,0,0.00
2012-11-08,13551.85,0.0000,35.5185,35.5185,13551.85,13048.76,0,0.00,0,0.00
2012-11-11,13551.85,0.0000,35.5185,35.5185,13551.85,13046.70,0,0.00,0,0.00
2012-11-12,13551.85,0.0000,35.5185,35.5185,13551.85,12956.18,0,0.00,0,0.00
2012-11-13,13551.85,0.0000,35.5185,35.5185,13551.85,12803.95,0,0.00,0,0.00
2012-11-14,13551.85,0.0000,35.5185,35.5185,13551.85,12760.73,0,0.00,0,0.00
2012-11-15,13551.85,0.0000,35.5185,35.5185,13551.85,12816.29,0,0.00,0,0.00
2012-11-18,13551.85,0.0000,35.5185,35.5185,13551.85,13120.88,0,0.00,0,0.00
2012-11-19,13551.85,0.0000,35.5185,35.5185,13551.85,13124.87,0,0.00,0,0.00
2012-11-20,13551.85,0.0000,35.5185,35.5185,13551.85,13151.61,0,0.00,0,0.00
2012-11-22,13505.59,-0.3414,35.0559,35.0559,9265.95,13351.16,0,0.00,4202,0.00
2012-11-25,13505.59,0.0000,35.0559,35.0559,9265.95,13408.97,0,0.00,4202,4239.64
2012-11-26,13756.84,1.8603,37.5684,37.5684,9265.95,13363.51,0,0.00,4202,4490.89
2012-11-27,13706.07,-0.3691,37.0607,37.0607,9265.95,13478.71,0,0.00,4202,4440.11
2012-11-28,13825.12,0.8686,38.2512,38.2512,9265.95,13558.94,0,0.00,4202,4559.17
2012-11-29,13903.92,0.5699,39.0392,39.0392,9265.95,13536.31,0,0.00,4202,4637.97
2012-12-02,13887.28,-0.1197,38.8728,38.8728,9265.95,13509.57,0,0.00,4202,4621.33
2012-12-03,13864.52,-0.1639,38.6452,38.6452,9265.95,13501.34,0,0.00,4202,4598.56
2012-12-04,13834.75,-0.2147,38.3475,38.3475,9265.95,13351.82,0,0.00,4202,4568.80
2012-12-05,13693.81,-1.0188,36.9381,36.9381,9265.95,13437.56,0,0.00,4202,4427.86
2012-12-06,13775.22,0.5945,37.7522,37.7522,9265.95,13357.33,0,0.00,4202,4509.27
2012-12-09,13698.19,-0.5592,36.9819,36.9819,9265.95,13396.42,0,0.00,4202,4432.24
2012-12-10,13737.58,0.2876,37.3758,37.3758,9265.95,13571.28,0,0.00,4202,4471.63
2012-12-11,13910.04,1.2553,39.1004,39.1004,9265.95,13542.48,0,0.00,4202,4644.08
2012-12-12,13878.52,-0.2266,38.7852,38.7852,9265.95,13435.73,0,0.00,4202,4612.57
2012-12-13,13774.35,-0.7506,37.7435,37.7435,9265.95,13307.96,0,0.00,4202,4508.40
2012-12-16,13646.54,-0.9279,36.4654,36.4654,9265.95,13484.88,0,0.00,4202,4380.58
2012-12-17,13817.24,1.2509,38.1724,38.1724,9265.95,13690.02,0,0.00,4202,4551.29
2012-12-18,14028.22,1.5269,40.2822,40.2822,9265.95,13631.04,0,0.00,4202,4762.27
2012-12-19,13959.93,-0.4868,39.5993,39.5993,9265.95,13630.94,0,0.00,4202,4693.98
2012-12-20,13963.44,0.0251,39.6344,39.6344,9265.95,13412.88,0,0.00,4202,4697.49
2012-12-23,13817.24,-1.0470,38.1724,38.1724,9265.95,13386.13,0,0.00,4202,4551.29
2012-12-25,13721.09,-0.6959,37.2109,37.2109,4110.59,13268.87,149,0.00,0,0.00
2012-12-26,13706.19,-0.1086,37.0619,37.0619,4110.59,13248.30,149,9595.60,0,0.00
2012-12-27,13602.82,-0.7542,36.0282,36.0282,13602.82,13120.76,0,0.00,0,0.00
2012-12-30,13591.85,-0.0806,35.9185,35.9185,4082.85,13398.50,146,0.00,0,0.00
2013-01-01,13835.25,1.7908,38.3525,38.3525,9208.31,13824.32,0,0.00,4290,0.00
2013-01-02,14266.94,3.1202,42.6694,42.6694,9208.31,13752.75,0,0.00,4290,5058.63
2013-01-03,14193.65,-0.5137,41.9365,41.9365,9208.31,13707.06,0,0.00,4290,4985.34
2013-01-06,14144.49,-0.3463,41.4449,41.4449,9208.31,13711.25,0,0.00,4290,4936.18
2013-01-07,14149.85,0.0379,41.4985,41.4985,9208.31,13684.43,0,0.00,4290,4941.54
2013-01-08,14121.25,-0.2021,41.2125,41.2125,9208.31,13735.86,0,0.00,4290,4912.94
2013-01-09,14171.30,0.3544,41.7130,41.7130,9208.31,13818.14,0,0.00,4290,4962.99
2013-01-10,14258.89,0.6181,42.5889,42.5889,9208.31,13836.66,0,0.00,4290,5050.58
2013-01-13,14277.66,0.1316,42.7766,42.7766,9208.31,13774.94,0,0.00,4290,5069.35
2013-01-14,14212.41,-0.4570,42.1241,42.1241,9208.31,13707.06,0,0.00,4290,5004.10
2013-01-15,14138.24,-0.5219,41.3824,41.3824,9208.31,13762.60,0,0.00,4290,4929.93
2013-01-16,14193.65,0.3919,41.9365,41.9365,9208.31,13828.43,0,0.00,4290,4985.34
2013-01-17,14270.51,0.5415,42.7051,42.7051,9208.31,13797.57,0,0.00,4290,5062.20
2013-01-21,14241.91,-0.2004,42.4191,42.4191,9208.31,13820.20,0,0.00,4290,5033.60
2013-01-22,14262.56,0.1450,42.6256,42.6256,9208.31,13904.55,0,0.00,4290,5054.25
2013-01-23,14344.69,0.5759,43.4469,43.4469,9208.31,13713.23,0,0.00,4290,5136.38
2013-01-24,14080.87,-1.8392,40.8087,40.8087,4231.87,13783.17,147,0.00,0,0.00
2013-01-27,14102.92,0.1566,41.0292,41.0292,4231.87,13814.03,147,9871.05,0,0.00
2013-01-28,14104.39,0.0104,41.0439,41.0439,4231.87,13816.09,147,9872.52,0,0.00
2013-01-29,14083.81,-0.1459,40.8381,40.8381,4231.87,13787.29,147,9851.94,0,0.00
2013-01-30,14061.76,-0.1566,40.6176,40.6176,4231.87,13756.43,147,9829.89,0,0.00
2013-01-31,14177.89,0.8259,41.7789,41.7789,4231.87,13918.95,147,9946.02,0,0.00
2013-02-03,14004.43,-1.2235,40.0443,40.0443,4231.87,13676.20,147,9772.56,0,0.00
2013-02-04,14148.49,1.0287,41.4849,41.4849,4231.87,13877.80,147,9916.62,0,0.00
2013-02-05,14116.15,-0.2286,41.1615,41.1615,4231.87,13832.54,147,9884.28,0,0.00
2013-02-06,14124.97,0.0625,41.2497,41.2497,4231.87,13844.89,147,9893.10,0,0.00
2013-02-07,14158.49,0.2373,41.5849,41.5849,8200.67,13986.83,0,0.00,5049,0.00
2013-02-10,14339.41,1.2778,43.3941,43.3941,8200.67,13990.95,0,0.00,5049,6138.74
2013-02-11,14337.31,-0.0146,43.3731,43.3731,8200.67,13933.35,0,0.00,5049,6136.64
2013-02-12,14265.78,-0.4989,42.6578,42.6578,8200.67,13982.72,0,0.00,5049,6065.11
2013-02-13,14336.25,0.4940,43.3625,43.3625,8200.67,13978.61,0,0.00,5049,6135.59
2013-02-14,14323.63,-0.0880,43.2363,43.2363,8200.67,13937.46,0,0.00,5049,6122.96
2013-02-18,14271.04,-0.3672,42.7104,42.7104,8200.67,14038.26,0,0.00,5049,6070.37
2013-02-19,14335.38,0.4509,43.3538,43.3538,4324.07,13822.26,149,0.00,0,0.00
2013-02-20,14228.10,-0.7484,42.2810,42.2810,4324.07,13674.14,149,9904.03,0,0.00
2013-02-21,14327.78,0.7006,43.2778,43.2778,4324.07,13811.77,149,10003.71,0,0.00
2013-02-24,14204.26,-0.8621,42.0426,42.0426,4324.07,13641.23,149,9880.19,0,0.00
2013-02-25,14240.02,0.2518,42.4002,42.4002,4324.07,13690.60,149,9915.95,0,0.00
2013-02-26,14342.83,0.7220,43.4283,43.4283,4324.07,13832.54,149,10018.76,0,0.00
2013-02-27,14321.97,-0.1454,43.2197,43.2197,4324.07,13803.74,149,9997.90,0,0.00
2013-02-28,14363.69,0.2913,43.6369,43.6369,4324.07,13861.35,149,10039.62,0,0.00
2013-03-03,14408.39,0.3112,44.0839,44.0839,4324.07,13923.06,149,10084.32,0,0.00
2013-03-04,14489.69,0.5643,44.8969,44.8969,8513.65,14128.78,0,0.00,5000,0.00
2013-03-05,14752.19,1.8116,47.5219,47.5219,8513.65,14093.81,0,0.00,5000,6238.54
2013-03-06,14712.61,-0.2683,47.1261,47.1261,8513.65,14130.84,0,0.00,5000,6198.96
2013-03-07,14766.78,0.3682,47.6678,47.6678,8513.65,14147.29,0,0.00,5000,6253.12
2013-03-10,14774.07,0.0494,47.7407,47.7407,8513.65,14188.44,0,0.00,5000,6260.42
2013-03-11,14838.65,0.4372,48.3865,48.3865,8513.65,14137.01,0,0.00,5000,6325.00
2013-03-12,14761.57,-0.5195,47.6157,47.6157,8513.65,14118.49,0,0.00,5000,6247.92
2013-03-13,14741.78,-0.1341,47.4178,47.4178,8513.65,14165.81,0,0.00,5000,6228.12
2013-03-14,14805.32,0.4310,48.0532,48.0532,8513.65,14093.81,0,0.00,5000,6291.66
2013-03-17,14745.94,-0.4010,47.4594,47.4594,8513.65,14062.95,0,0.00,5000,6232.29
2013-03-18,14635.31,-0.7502,46.3531,46.3531,4400.81,14036.21,150,0.00,0,0.00
2013-03-19,14707.16,0.4909,47.0716,47.0716,4400.81,14134.75,150,10306.35,0,0.00
2013-03-20,14590.31,-0.7945,45.9031,45.9031,4400.81,13974.49,150,10189.50,0,0.00
2013-03-21,14689.31,0.6785,46.8931,46.8931,4400.81,14110.27,150,10288.50,0,0.00
2013-03-24,14651.81,-0.2553,46.5181,46.5181,4400.81,14058.84,150,10251.00,0,0.00
2013-03-25,14707.31,0.3788,47.0731,47.0731,4400.81,14134.95,150,10306.50,0,0.00
2013-03-26,14720.96,0.0928,47.2096,47.2096,4400.81,14153.67,150,10320.15,0,0.00
2013-03-27,14746.31,0.1722,47.4631,47.4631,4400.81,14188.44,150,10345.50,0,0.00
2013-03-31,14675.81,-0.4781,46.7581,46.7581,4400.81,14091.75,150,10275.00,0,0.00
